iter,sampled_steps,episodes,reward_mean,ep_len_mean,win_rate,loss_rate,timeout_rate,crash_rate,ep_wez_steps,ep_mean_distance,ep_min_distance,ep_reward_pursuit,ep_reward_damage,ep_reward_safety,ep_reward_energy_throttle,ep_reward_survival,ep_reward_merge_cross,ep_reward_merge_handoff,ep_reward_merge_handoff_once,ep_reward_merge_turnin,ep_reward_reacquire_turnin,ep_reward_merge_stalemate,ep_reward_attack_band,ep_reward_front_hold,ep_reward_aim_hold,ep_reward_angle_advantage,ep_reward_angle_advantage_progress,ep_reward_cutin_success,ep_reward_cutin_control,ep_reward_terminal_angle_gain,ep_reward_terminal_ata_gain,ep_reward_range_progress,ep_reward_lost,ep_altitude_penalty_steps,initial_scenario_index,initial_alpha_deg,initial_ata_deg,initial_aa_deg,initial_distance_m,final_ata_deg,final_aa_deg,headon_guard_fail,cutin_handback_success,bt_preroll_detected,action_roll_mean,action_pitch_mean,action_rudder_mean,action_throttle_mean,action_roll_std,action_pitch_std,action_rudder_std,action_throttle_std,action_sat_rate,policy_loss,vf_loss,entropy,kl,clip_frac,explained_var,actor_loss,critic_loss,alpha_loss,alpha,target_entropy,curriculum_actor_frozen,curriculum_fresh_steps,curriculum_actor_update_applied,curriculum_learner_updates,curriculum_actor_anchor_mse,curriculum_actor_anchor_loss,curriculum_gunline_fraction,curriculum_actor_anchor_fraction,curriculum_residual_gate_fraction,curriculum_residual_mean_abs_delta,curriculum_counter_rate_fraction,curriculum_counter_rate_logit_error,curriculum_counter_rate_logit_loss,replay_buffer_size,replay_buffer_memory_mb,env_steps_per_sec,learner_steps_per_sec,iteration_time_s,ep_reward_alignment_progress,ep_reward_alt_advantage,ep_reward_attack_funnel,ep_reward_bridge_entry,ep_reward_bridge_entry_once,ep_reward_bridge_stalemate,ep_reward_close_overspeed,ep_reward_cutin_tail_hold,ep_reward_cutin_tail_hold_progress,ep_reward_danger_exposure,ep_reward_escape_opening,ep_reward_far_range,ep_reward_first_blood,ep_reward_gun_window,ep_reward_overshoot,ep_reward_phase_gate,ep_reward_projected_deck_risk,ep_reward_reacquire,ep_reward_step,ep_reward_terminal,ep_reward_terminal_cone
0,147000.0,77.0,nan,nan,nan,nan,nan,nan,nan,nan,nan,n/a,nan,nan,n/a,n/a,nan,nan,nan,nan,nan,nan,nan,nan,nan,nan,nan,nan,n/a,nan,nan,nan,nan,nan,nan,n/a,nan,nan,nan,nan,nan,nan,nan,nan,nan,nan,nan,nan,nan,nan,nan,nan,nan,n/a,n/a,n/a,n/a,n/a,n/a,79.81444204711914,0.6007363340854645,-2898.7357954101562,9.929364177878596e-06,-4.0,n/a,n/a,n/a,n/a,n/a,n/a,n/a,n/a,n/a,n/a,n/a,n/a,n/a,1000,20.48043441772461,n/a,n/a,50.14179801940918,nan,nan,nan,nan,nan,nan,nan,nan,nan,nan,nan,nan,nan,nan,nan,nan,nan,nan,nan,nan,nan
1,148000.0,77.0,nan,nan,nan,nan,nan,nan,nan,nan,nan,n/a,nan,nan,n/a,n/a,nan,nan,nan,nan,nan,nan,nan,nan,nan,nan,nan,nan,n/a,nan,nan,nan,nan,nan,nan,n/a,nan,nan,nan,nan,nan,nan,nan,nan,nan,nan,nan,nan,nan,nan,nan,nan,nan,n/a,n/a,n/a,n/a,n/a,n/a,62.001175682067874,0.3534934380352497,-2723.7356181640625,9.788891504285857e-06,-4.0,n/a,n/a,n/a,n/a,n/a,n/a,n/a,n/a,n/a,n/a,n/a,n/a,n/a,2000,20.675334930419922,n/a,n/a,56.336004972457886,nan,nan,nan,nan,nan,nan,nan,nan,nan,nan,nan,nan,nan,nan,nan,nan,nan,nan,nan,nan,nan
2,149000.0,77.0,nan,nan,nan,nan,nan,nan,nan,nan,nan,n/a,nan,nan,n/a,n/a,nan,nan,nan,nan,nan,nan,nan,nan,nan,nan,nan,nan,n/a,nan,nan,nan,nan,nan,nan,n/a,nan,nan,nan,nan,nan,nan,nan,nan,nan,nan,nan,nan,nan,nan,nan,nan,nan,n/a,n/a,n/a,n/a,n/a,n/a,38.351417728424074,0.4537795017063618,-2748.89974609375,9.64543002010032e-06,-4.0,n/a,n/a,n/a,n/a,n/a,n/a,n/a,n/a,n/a,n/a,n/a,n/a,n/a,3000,20.905948638916016,n/a,n/a,62.96345233917236,nan,nan,nan,nan,nan,nan,nan,nan,nan,nan,nan,nan,nan,nan,nan,nan,nan,nan,nan,nan,nan
3,150000.0,79.0,854.153441628082,2000.0,0.0,0.0,1.0,0.0,29.5,1115.3504278369924,155.2250410574784,n/a,4.915590315560656,-4.4039348788,n/a,n/a,0.0,0.0,0.0,0.0,0.0,0.0,0.0,50.94010535373988,92.24778020382463,750.4590232838261,49.90356117242837,0.0,n/a,0.0,0.0,-33.78173308321804,0.0,246.5,2.5,n/a,44.835161921293654,174.16315499193487,950.9018956319437,31.858290343339327,18.635545214550955,0.0,0.0,0.0,-0.1919514313340187,0.7994546592235565,-0.1787442988716066,0.39601729810237885,0.8312468826770782,0.520095705986023,0.9470016360282898,0.9015877544879913,0.7891250000000001,n/a,n/a,n/a,n/a,n/a,n/a,29.20052104949951,0.3869095991253853,-2647.0447719726562,9.505823838480865e-06,-4.0,n/a,n/a,n/a,n/a,n/a,n/a,n/a,n/a,n/a,n/a,n/a,n/a,n/a,4000,21.06570053100586,n/a,n/a,69.82393074035645,0.9683706347075886,-33.73014566834996,10.778765617404776,0.0,0.0,0.0,0.0,0.0,0.0,-57.75,0.0,0.0,0.0,0.0,0.0,33.606058676953,0.0,0.0,-10.000000000000163,0.0,0.0
4,151000.0,79.0,nan,nan,nan,nan,nan,nan,nan,nan,nan,n/a,nan,nan,n/a,n/a,nan,nan,nan,nan,nan,nan,nan,nan,nan,nan,nan,nan,n/a,nan,nan,nan,nan,nan,nan,n/a,nan,nan,nan,nan,nan,nan,nan,nan,nan,nan,nan,nan,nan,nan,nan,nan,nan,n/a,n/a,n/a,n/a,n/a,n/a,34.84618573379517,0.3498933652043343,-2718.577482421875,9.366597645566799e-06,-4.0,n/a,n/a,n/a,n/a,n/a,n/a,n/a,n/a,n/a,n/a,n/a,n/a,n/a,5000,21.225605010986328,n/a,n/a,58.246586322784424,nan,nan,nan,nan,nan,nan,nan,nan,nan,nan,nan,nan,nan,nan,nan,nan,nan,nan,nan,nan,nan
5,152000.0,79.0,nan,nan,nan,nan,nan,nan,nan,nan,nan,n/a,nan,nan,n/a,n/a,nan,nan,nan,nan,nan,nan,nan,nan,nan,nan,nan,nan,n/a,nan,nan,nan,nan,nan,nan,n/a,nan,nan,nan,nan,nan,nan,nan,nan,nan,nan,nan,nan,nan,nan,nan,nan,nan,n/a,n/a,n/a,n/a,n/a,n/a,38.74895204925537,0.30476877760887144,-2756.789085449219,9.225697480360395e-06,-4.0,n/a,n/a,n/a,n/a,n/a,n/a,n/a,n/a,n/a,n/a,n/a,n/a,n/a,6000,21.52640151977539,n/a,n/a,61.61483287811279,nan,nan,nan,nan,nan,nan,nan,nan,nan,nan,nan,nan,nan,nan,nan,nan,nan,nan,nan,nan,nan
6,153000.0,79.0,nan,nan,nan,nan,nan,nan,nan,nan,nan,n/a,nan,nan,n/a,n/a,nan,nan,nan,nan,nan,nan,nan,nan,nan,nan,nan,nan,n/a,nan,nan,nan,nan,nan,nan,n/a,nan,nan,nan,nan,nan,nan,nan,nan,nan,nan,nan,nan,nan,nan,nan,nan,nan,n/a,n/a,n/a,n/a,n/a,n/a,44.509064132690426,0.3159962575733662,-2745.011380859375,9.087351543712429e-06,-4.0,n/a,n/a,n/a,n/a,n/a,n/a,n/a,n/a,n/a,n/a,n/a,n/a,n/a,7000,21.686229705810547,n/a,n/a,68.4564061164856,nan,nan,nan,nan,nan,nan,nan,nan,nan,nan,nan,nan,nan,nan,nan,nan,nan,nan,nan,nan,nan
7,154000.0,81.0,-130.64583081546795,2000.0,0.0,0.0,1.0,0.0,0.0,1129.1967203968507,119.65898024774523,n/a,-8.191331980096146,-0.5189377065999997,n/a,n/a,0.0,0.0,0.0,0.0,0.0,0.0,0.0,8.580517172951904,3.1661532319219474,-53.36115507701419,8.159393335053384,0.0,n/a,0.0,0.0,7.612369720249056,0.0,68.5,2.0,n/a,58.99936388662819,171.0061654217069,917.0427463921583,99.87875976012829,111.90768170391271,0.0,0.0,0.0,-0.44279710948467255,0.9587402641773224,-0.3164971321821213,0.09263428300619125,0.7379931211471558,0.2303699553012848,0.9269523322582245,0.97575443983078,0.813,n/a,n/a,n/a,n/a,n/a,n/a,51.441851402282715,0.36785661745071413,-2710.4259091796876,8.953413243943942e-06,-4.0,n/a,n/a,n/a,n/a,n/a,n/a,n/a,n/a,n/a,n/a,n/a,n/a,n/a,8000,21.845943450927734,n/a,n/a,76.17940092086792,-5.758061206471894,-35.99682854354986,1.4573598547804116,0.0,0.0,0.0,0.0,0.0,0.0,-47.25,0.0,0.0,0.0,0.0,0.0,1.4546903833073304,0.0,0.0,-10.000000000000163,0.0,0.0
8,155000.0,81.0,nan,nan,nan,nan,nan,nan,nan,nan,nan,n/a,nan,nan,n/a,n/a,nan,nan,nan,nan,nan,nan,nan,nan,nan,nan,nan,nan,n/a,nan,nan,nan,nan,nan,nan,n/a,nan,nan,nan,nan,nan,nan,nan,nan,nan,nan,nan,nan,nan,nan,nan,nan,nan,n/a,n/a,n/a,n/a,n/a,n/a,54.5547936706543,0.32869077181816103,-2691.1549702148436,8.821901537885424e-06,-4.0,n/a,n/a,n/a,n/a,n/a,n/a,n/a,n/a,n/a,n/a,n/a,n/a,n/a,9000,22.006389617919922,n/a,n/a,59.13180470466614,nan,nan,nan,nan,nan,nan,nan,nan,nan,nan,nan,nan,nan,nan,nan,nan,nan,nan,nan,nan,nan
9,156000.0,81.0,nan,nan,nan,nan,nan,nan,nan,nan,nan,n/a,nan,nan,n/a,n/a,nan,nan,nan,nan,nan,nan,nan,nan,nan,nan,nan,nan,n/a,nan,nan,nan,nan,nan,nan,n/a,nan,nan,nan,nan,nan,nan,nan,nan,nan,nan,nan,nan,nan,nan,nan,nan,nan,n/a,n/a,n/a,n/a,n/a,n/a,51.39158146667481,0.39385788410902023,-2788.3001904296875,8.690405576999184e-06,-4.0,n/a,n/a,n/a,n/a,n/a,n/a,n/a,n/a,n/a,n/a,n/a,n/a,n/a,10000,22.166141510009766,n/a,n/a,64.18554663658142,nan,nan,nan,nan,nan,nan,nan,nan,nan,nan,nan,nan,nan,nan,nan,nan,nan,nan,nan,nan,nan
10,157000.0,82.0,-424.5704911239305,1005.0,0.0,1.0,0.0,0.0,0.0,1252.9687776129988,24.58833150219285,n/a,-62.79535685098192,-0.11346832773333305,n/a,n/a,0.0,0.0,0.0,0.0,0.0,0.0,0.0,2.732699659000894,6.598273293609748,-137.90660698591103,-47.83984640531146,0.0,n/a,0.0,0.0,22.12034634568708,0.0,45.0,1.0,n/a,41.50858757331106,173.53424719716455,1007.4041925690736,145.22537485833908,179.62262514166093,0.0,0.0,0.0,-0.17435786128044128,0.7915168404579163,-0.49667662382125854,-0.26972299814224243,0.7844533920288086,0.5847699642181396,0.8417545557022095,0.952578067779541,0.7661691542288557,n/a,n/a,n/a,n/a,n/a,n/a,51.163715187072754,0.3159852694272995,-2833.9816796875,8.558626350350095e-06,-4.0,n/a,n/a,n/a,n/a,n/a,n/a,n/a,n/a,n/a,n/a,n/a,n/a,n/a,11000,22.607616424560547,n/a,n/a,65.96305108070374,-9.131795889334914,5.603896669200006,0.186367367844511,0.0,0.0,0.0,0.0,0.0,0.0,-99.0,0.0,0.0,0.0,0.0,0.0,0.0,0.0,0.0,-5.024999999999915,-100.0,0.0
11,158000.0,83.0,3.494788314204037,2000.0,0.0,0.0,1.0,0.0,0.0,1099.9715220227163,43.56043184397976,n/a,-24.361208980579118,-5.583409989466662,n/a,n/a,0.0,0.0,0.0,0.0,0.0,0.0,0.0,8.531641645505344,7.179597250855058,142.4476800650246,31.19909202406008,0.0,n/a,0.0,0.0,1.5597929233473886,0.0,416.0,4.0,n/a,34.94336561907842,175.1970988018905,1091.529938227269,24.741990779190143,14.701990779190098,0.0,0.0,0.0,-0.46807166934013367,0.7910027503967285,-0.42657479643821716,-0.03327770158648491,0.7359994053840637,0.5593412518501282,0.8785871267318726,0.9797583222389221,0.788375,n/a,n/a,n/a,n/a,n/a,n/a,55.09500413513184,0.2490620698928833,-2838.2630053710936,8.428672354057198e-06,-4.0,n/a,n/a,n/a,n/a,n/a,n/a,n/a,n/a,n/a,n/a,n/a,n/a,n/a,12000,22.76736831665039,n/a,n/a,69.2877345085144,4.485575415840308,-50.11752134940013,1.5480562387911925,0.0,0.0,0.0,0.0,0.0,0.0,-105.0,0.0,0.0,0.0,0.0,0.0,1.6054930702255548,0.0,0.0,-10.000000000000163,0.0,0.0
12,159000.0,83.0,nan,nan,nan,nan,nan,nan,nan,nan,nan,n/a,nan,nan,n/a,n/a,nan,nan,nan,nan,nan,nan,nan,nan,nan,nan,nan,nan,n/a,nan,nan,nan,nan,nan,nan,n/a,nan,nan,nan,nan,nan,nan,nan,nan,nan,nan,nan,nan,nan,nan,nan,nan,nan,n/a,n/a,n/a,n/a,n/a,n/a,53.267065925598146,0.24868935498595238,-2867.6739458007814,8.301145680889021e-06,-4.0,n/a,n/a,n/a,n/a,n/a,n/a,n/a,n/a,n/a,n/a,n/a,n/a,n/a,13000,22.92727279663086,n/a,n/a,66.87897300720215,nan,nan,nan,nan,nan,nan,nan,nan,nan,nan,nan,nan,nan,nan,nan,nan,nan,nan,nan,nan,nan
13,160000.0,83.0,nan,nan,nan,nan,nan,nan,nan,nan,nan,n/a,nan,nan,n/a,n/a,nan,nan,nan,nan,nan,nan,nan,nan,nan,nan,nan,nan,n/a,nan,nan,nan,nan,nan,nan,n/a,nan,nan,nan,nan,nan,nan,nan,nan,nan,nan,nan,nan,nan,nan,nan,nan,nan,n/a,n/a,n/a,n/a,n/a,n/a,50.24933831787109,0.2626866427958012,-2885.138522949219,8.175479480996728e-06,-4.0,n/a,n/a,n/a,n/a,n/a,n/a,n/a,n/a,n/a,n/a,n/a,n/a,n/a,14000,23.08749008178711,n/a,n/a,71.36684679985046,nan,nan,nan,nan,nan,nan,nan,nan,nan,nan,nan,nan,nan,nan,nan,nan,nan,nan,nan,nan,nan
14,161000.0,84.0,306.51824103404505,2000.0,0.0,0.0,1.0,0.0,0.0,1100.305982031743,78.83584169402737,n/a,-12.68310314756417,0.0,n/a,n/a,0.0,0.0,0.0,0.0,0.0,0.0,0.0,11.114031554246365,4.9745591863179826,408.17537628531056,23.82522971822557,0.0,n/a,0.0,0.0,-28.91202001393355,0.0,0.0,0.0,n/a,46.89282793280913,175.90485099700888,998.2216606419171,169.51715135522056,20.152848644779482,0.0,0.0,0.0,-0.3332711160182953,0.8443941473960876,-0.13103243708610535,0.17015786468982697,0.7970683574676514,0.525212824344635,0.982539176940918,0.9680811166763306,0.823625,n/a,n/a,n/a,n/a,n/a,n/a,51.08052429962158,0.2565458636879921,-2901.3860131835936,8.051818369494868e-06,-4.0,n/a,n/a,n/a,n/a,n/a,n/a,n/a,n/a,n/a,n/a,n/a,n/a,n/a,15000,23.247318267822266,n/a,n/a,64.78865098953247,-4.046184517425749,-39.62536798199987,0.7084403577106816,0.0,0.0,0.0,0.0,0.0,0.0,-49.5,0.0,0.0,0.0,0.0,0.0,2.4872795931589913,0.0,0.0,-10.000000000000163,0.0,0.0
15,162000.0,85.0,-143.98818545306386,2000.0,0.0,0.0,1.0,0.0,0.0,1103.5607064388382,116.25758575237406,n/a,-1.8798305428553839,-3.937619834000001,n/a,n/a,0.0,0.0,0.0,0.0,0.0,0.0,0.0,4.3344500979391025,4.401840759371311,-34.630401482520384,-25.785004054401384,0.0,n/a,0.0,0.0,13.861901617831432,0.0,215.0,3.0,n/a,35.95668312445177,172.76991336092541,884.3073199806829,154.15726986572352,154.2392698657235,0.0,0.0,0.0,-0.4333009123802185,0.8942533731460571,-0.40943098068237305,0.07051917910575867,0.7544954419136047,0.40613025426864624,0.8986673951148987,0.9829898476600647,0.805625,n/a,n/a,n/a,n/a,n/a,n/a,52.69554637908936,0.24464976409077643,-2900.6412177734373,7.930466743346187e-06,-4.0,n/a,n/a,n/a,n/a,n/a,n/a,n/a,n/a,n/a,n/a,n/a,n/a,n/a,16000,23.406993865966797,n/a,n/a,72.80061030387878,-13.574614335417516,-41.666739716999906,1.6869116583036592,0.0,0.0,0.0,0.0,0.0,0.0,-39.0,0.0,0.0,0.0,0.0,0.0,2.2009203796856553,0.0,0.0,-10.000000000000163,0.0,0.0
16,163000.0,85.0,nan,nan,nan,nan,nan,nan,nan,nan,nan,n/a,nan,nan,n/a,n/a,nan,nan,nan,nan,nan,nan,nan,nan,nan,nan,nan,nan,n/a,nan,nan,nan,nan,nan,nan,n/a,nan,nan,nan,nan,nan,nan,nan,nan,nan,nan,nan,nan,nan,nan,nan,nan,nan,n/a,n/a,n/a,n/a,n/a,n/a,54.10634027099609,0.2533763992190361,-2902.085565917969,7.811991628841496e-06,-4.0,n/a,n/a,n/a,n/a,n/a,n/a,n/a,n/a,n/a,n/a,n/a,n/a,n/a,17000,23.56747817993164,n/a,n/a,66.31260466575623,nan,nan,nan,nan,nan,nan,nan,nan,nan,nan,nan,nan,nan,nan,nan,nan,nan,nan,nan,nan,nan
17,164000.0,85.0,nan,nan,nan,nan,nan,nan,nan,nan,nan,n/a,nan,nan,n/a,n/a,nan,nan,nan,nan,nan,nan,nan,nan,nan,nan,nan,nan,n/a,nan,nan,nan,nan,nan,nan,n/a,nan,nan,nan,nan,nan,nan,nan,nan,nan,nan,nan,nan,nan,nan,nan,nan,nan,n/a,n/a,n/a,n/a,n/a,n/a,55.58803849029541,0.26985467633605004,-2929.819494140625,7.694535424889182e-06,-4.0,n/a,n/a,n/a,n/a,n/a,n/a,n/a,n/a,n/a,n/a,n/a,n/a,n/a,18000,23.727230072021484,n/a,n/a,72.20905184745789,nan,nan,nan,nan,nan,nan,nan,nan,nan,nan,nan,nan,nan,nan,nan,nan,nan,nan,nan,nan,nan
18,165000.0,86.0,-304.6552436712334,2000.0,0.0,0.0,1.0,0.0,0.0,1177.2361685190328,125.6214863603432,n/a,0.0,0.0,n/a,n/a,0.0,0.0,0.0,0.0,0.0,0.0,0.0,3.271312888535293,0.0,-233.22405577416208,-27.56790081469809,0.0,n/a,0.0,0.0,28.362341738406197,0.0,0.0,3.0,n/a,63.5726773997597,159.1386083172827,1016.8581594791607,158.1905530953842,137.9805530953842,0.0,0.0,0.0,-0.3644568920135498,0.8443253040313721,-0.4308089017868042,0.012144004926085472,0.7915762066841125,0.5096099376678467,0.8803500533103943,0.9816247820854187,0.80875,n/a,n/a,n/a,n/a,n/a,n/a,55.553735572814944,0.25985879316926,-2925.3008149414063,7.579178951345966e-06,-4.0,n/a,n/a,n/a,n/a,n/a,n/a,n/a,n/a,n/a,n/a,n/a,n/a,n/a,19000,23.887523651123047,n/a,n/a,65.45608830451965,-7.719901437316092,-50.277040271999816,0.0,0.0,0.0,0.0,0.0,0.0,0.0,-7.5,0.0,0.0,0.0,0.0,0.0,0.0,0.0,0.0,-10.000000000000163,0.0,0.0
19,166000.0,87.0,-195.9848973213176,2000.0,0.0,0.0,1.0,0.0,0.0,891.8593833182866,23.988327221440414,n/a,-8.032379932798497,0.0,n/a,n/a,0.0,0.0,0.0,0.0,0.0,0.0,0.0,6.350819999697731,6.6399755824897415,26.17480431857753,-16.64196836492631,0.0,n/a,0.0,0.0,8.226264848679458,0.0,0.0,6.0,n/a,20.963212774509284,174.00739153794126,902.0221308183641,101.96895821791588,80.54695821791587,0.0,0.0,0.0,-0.3202170133590698,0.8340335488319397,-0.2326507270336151,0.12242484092712402,0.8144037127494812,0.5202530026435852,0.959938108921051,0.967501163482666,0.815125,n/a,n/a,n/a,n/a,n/a,n/a,54.594237800598144,0.2459636099934578,-2917.181294433594,7.466477284651774e-06,-4.0,n/a,n/a,n/a,n/a,n/a,n/a,n/a,n/a,n/a,n/a,n/a,n/a,n/a,20000,24.04727554321289,n/a,n/a,72.6459391117096,-2.7591222142324794,21.77769978930002,2.9590208606507606,0.0,0.0,0.0,0.0,0.0,0.0,-234.0,0.0,0.0,0.0,0.0,0.0,3.3199877912448708,0.0,0.0,-10.000000000000163,0.0,0.0
20,167000.0,87.0,nan,nan,nan,nan,nan,nan,nan,nan,nan,n/a,nan,nan,n/a,n/a,nan,nan,nan,nan,nan,nan,nan,nan,nan,nan,nan,nan,n/a,nan,nan,nan,nan,nan,nan,n/a,nan,nan,nan,nan,nan,nan,nan,nan,nan,nan,nan,nan,nan,nan,nan,nan,nan,n/a,n/a,n/a,n/a,n/a,n/a,51.16019905853271,0.23949427464604378,-2908.73125,7.356358641118277e-06,-4.0,n/a,n/a,n/a,n/a,n/a,n/a,n/a,n/a,n/a,n/a,n/a,n/a,n/a,21000,24.20718002319336,n/a,n/a,65.65156102180481,nan,nan,nan,nan,nan,nan,nan,nan,nan,nan,nan,nan,nan,nan,nan,nan,nan,nan,nan,nan,nan
21,168000.0,87.0,nan,nan,nan,nan,nan,nan,nan,nan,nan,n/a,nan,nan,n/a,n/a,nan,nan,nan,nan,nan,nan,nan,nan,nan,nan,nan,nan,n/a,nan,nan,nan,nan,nan,nan,n/a,nan,nan,nan,nan,nan,nan,nan,nan,nan,nan,nan,nan,nan,nan,nan,nan,nan,n/a,n/a,n/a,n/a,n/a,n/a,46.35405219268799,0.2454758946597576,-2882.7616791992186,7.248281513057009e-06,-4.0,n/a,n/a,n/a,n/a,n/a,n/a,n/a,n/a,n/a,n/a,n/a,n/a,n/a,22000,25.05477523803711,n/a,n/a,74.95062899589539,nan,nan,nan,nan,nan,nan,nan,nan,nan,nan,nan,nan,nan,nan,nan,nan,nan,nan,nan,nan,nan
22,169000.0,89.0,386.9449874937032,1199.5,0.0,0.5,0.5,0.0,0.0,1132.5881971013175,146.77941261321754,n/a,-43.96340364833333,-0.20694351053333318,n/a,n/a,0.0,0.0,0.0,0.0,0.0,0.0,0.0,33.2674329590816,34.2310930635197,437.53368394390816,11.105631748602097,0.0,n/a,0.0,0.0,13.425070372211739,0.0,50.5,1.0,n/a,57.33198755796673,172.25255213298044,929.9269244996376,84.738742898922,109.85420839735369,0.0,0.0,0.0,-0.16235174983739853,0.8198734819889069,-0.5809933394193649,-0.19304697215557098,0.8652196824550629,0.5034448057413101,0.782817155122757,0.7621462047100067,0.8167886904761905,n/a,n/a,n/a,n/a,n/a,n/a,45.81787466430664,0.24599872383475305,-2883.245763671875,7.141832903471368e-06,-4.0,n/a,n/a,n/a,n/a,n/a,n/a,n/a,n/a,n/a,n/a,n/a,n/a,n/a,23000,25.214603424072266,n/a,n/a,66.60375547409058,-2.762446970028934,7.552537092000011,4.038377807654963,0.0,0.0,0.0,0.0,0.0,0.0,-57.0,0.0,0.0,0.0,0.0,0.0,5.721454635611894,0.0,0.0,-5.9975000000000716,-50.0,0.0
23,170000.0,90.0,-559.9748736959655,2000.0,0.0,0.0,1.0,0.0,0.0,1208.492292015914,57.44440995131606,n/a,-34.65944761140905,-2.4957557098666663,n/a,n/a,0.0,0.0,0.0,0.0,0.0,0.0,0.0,9.825734286744876,9.086171114805959,-190.5623972992787,13.172171847226423,0.0,n/a,0.0,0.0,-33.122391544455425,0.0,147.0,3.0,n/a,57.57223031681554,170.8339962743702,911.6559884013385,27.54329483056244,113.16129483056251,0.0,0.0,0.0,-0.32062414288520813,0.8955995440483093,-0.5745487213134766,0.06966392695903778,0.8017681241035461,0.4097870886325836,0.8021010756492615,0.9813656210899353,0.8225,n/a,n/a,n/a,n/a,n/a,n/a,49.365036056518555,0.2610041848421097,-2896.009051269531,7.0364785105994084e-06,-4.0,n/a,n/a,n/a,n/a,n/a,n/a,n/a,n/a,n/a,n/a,n/a,n/a,n/a,24000,25.374317169189453,n/a,n/a,69.40167117118835,0.2601710780483386,-21.87858481379992,0.9491232903669031,0.0,0.0,0.0,0.0,0.0,0.0,-301.5,0.0,0.0,0.0,0.0,0.0,0.9503316656519468,0.0,0.0,-10.000000000000163,0.0,0.0
24,171000.0,90.0,nan,nan,nan,nan,nan,nan,nan,nan,nan,n/a,nan,nan,n/a,n/a,nan,nan,nan,nan,nan,nan,nan,nan,nan,nan,nan,nan,n/a,nan,nan,nan,nan,nan,nan,n/a,nan,nan,nan,nan,nan,nan,nan,nan,nan,nan,nan,nan,nan,nan,nan,nan,nan,n/a,n/a,n/a,n/a,n/a,n/a,50.6936979598999,0.24554394179582595,-2924.3605766601563,6.9314241536631015e-06,-4.0,n/a,n/a,n/a,n/a,n/a,n/a,n/a,n/a,n/a,n/a,n/a,n/a,n/a,25000,25.53476333618164,n/a,n/a,63.23267340660095,nan,nan,nan,nan,nan,nan,nan,nan,nan,nan,nan,nan,nan,nan,nan,nan,nan,nan,nan,nan,nan
25,172000.0,90.0,nan,nan,nan,nan,nan,nan,nan,nan,nan,n/a,nan,nan,n/a,n/a,nan,nan,nan,nan,nan,nan,nan,nan,nan,nan,nan,nan,n/a,nan,nan,nan,nan,nan,nan,n/a,nan,nan,nan,nan,nan,nan,nan,nan,nan,nan,nan,nan,nan,nan,nan,nan,nan,n/a,n/a,n/a,n/a,n/a,n/a,49.163888641357424,0.25304557806253436,-2944.9440966796874,6.827063980381354e-06,-4.0,n/a,n/a,n/a,n/a,n/a,n/a,n/a,n/a,n/a,n/a,n/a,n/a,n/a,26000,25.694515228271484,n/a,n/a,70.10455417633057,nan,nan,nan,nan,nan,nan,nan,nan,nan,nan,nan,nan,nan,nan,nan,nan,nan,nan,nan,nan,nan
26,173000.0,91.0,439.4432604779217,2000.0,0.0,0.0,1.0,0.0,4.0,966.2695582879796,95.73893879216223,n/a,1.7175879754573935,0.0,n/a,n/a,0.0,0.0,0.0,0.0,0.0,0.0,0.0,25.630428507231997,26.189618823948596,382.02402040357777,58.449042867294445,0.0,n/a,0.0,0.0,15.119449697365232,0.0,0.0,4.0,n/a,62.81632938847745,158.77422621813776,979.7810028233959,2.8398044607792055,57.82080446077921,0.0,0.0,0.0,-0.5338539481163025,0.7127727270126343,-0.3129018247127533,0.010668172501027584,0.7093817591667175,0.6432780623435974,0.9230199456214905,0.9828111529350281,0.7815,n/a,n/a,n/a,n/a,n/a,n/a,45.90214925384522,0.2581593419909477,-2913.193362792969,6.725047809595708e-06,-4.0,n/a,n/a,n/a,n/a,n/a,n/a,n/a,n/a,n/a,n/a,n/a,n/a,n/a,27000,25.85477066040039,n/a,n/a,75.65750455856323,6.41274623987731,-55.159263161099986,8.964819712297905,0.0,0.0,0.0,0.0,0.0,0.0,-33.0,0.0,0.0,0.0,0.0,0.0,13.094809411974298,0.0,0.0,-10.000000000000163,0.0,0.0
27,174000.0,92.0,465.2712289975088,2000.0,0.0,0.0,1.0,0.0,0.0,971.5007035347577,61.73114205566882,n/a,0.0,-3.292493658,n/a,n/a,0.0,0.0,0.0,0.0,0.0,0.0,0.0,13.070038843059093,33.72789899209523,443.1784728434386,44.69076438781128,0.0,n/a,0.0,0.0,21.363984022186592,0.0,186.0,1.0,n/a,57.73419865150808,172.9406299681914,1002.5704386809393,15.195233711299307,93.8592337112993,0.0,0.0,0.0,-0.4398932158946991,0.8880006074905396,-0.331753671169281,0.030154550448060036,0.7643000483512878,0.4099566340446472,0.9234299063682556,0.975106954574585,0.791375,n/a,n/a,n/a,n/a,n/a,n/a,44.68735679626465,0.34246293181180953,-2908.0989189453126,6.626128289099142e-06,-4.0,n/a,n/a,n/a,n/a,n/a,n/a,n/a,n/a,n/a,n/a,n/a,n/a,n/a,28000,26.014522552490234,n/a,n/a,70.55970668792725,5.844358115493383,-13.065665975699996,14.486083112810052,0.0,0.0,0.0,0.0,0.0,0.0,-99.0,0.0,0.0,0.0,0.0,0.0,14.267788314314428,0.0,0.0,-10.000000000000163,0.0,0.0
28,175000.0,92.0,nan,nan,nan,nan,nan,nan,nan,nan,nan,n/a,nan,nan,n/a,n/a,nan,nan,nan,nan,nan,nan,nan,nan,nan,nan,nan,nan,n/a,nan,nan,nan,nan,nan,nan,n/a,nan,nan,nan,nan,nan,nan,nan,nan,nan,nan,nan,nan,nan,nan,nan,nan,nan,n/a,n/a,n/a,n/a,n/a,n/a,46.22330392456055,0.34905127316713336,-2928.3373427734373,6.528170834826597e-06,-4.0,n/a,n/a,n/a,n/a,n/a,n/a,n/a,n/a,n/a,n/a,n/a,n/a,n/a,29000,26.174427032470703,n/a,n/a,65.40770244598389,nan,nan,nan,nan,nan,nan,nan,nan,nan,nan,nan,nan,nan,nan,nan,nan,nan,nan,nan,nan,nan
29,176000.0,92.0,nan,nan,nan,nan,nan,nan,nan,nan,nan,n/a,nan,nan,n/a,n/a,nan,nan,nan,nan,nan,nan,nan,nan,nan,nan,nan,nan,n/a,nan,nan,nan,nan,nan,nan,n/a,nan,nan,nan,nan,nan,nan,nan,nan,nan,nan,nan,nan,nan,nan,nan,nan,nan,n/a,n/a,n/a,n/a,n/a,n/a,44.629118576049805,0.3520882534980774,-2942.8658354492186,6.430421793083951e-06,-4.0,n/a,n/a,n/a,n/a,n/a,n/a,n/a,n/a,n/a,n/a,n/a,n/a,n/a,30000,26.334644317626953,n/a,n/a,70.10764741897583,nan,nan,nan,nan,nan,nan,nan,nan,nan,nan,nan,nan,nan,nan,nan,nan,nan,nan,nan,nan,nan
30,177000.0,93.0,424.3145236226257,2000.0,0.0,0.0,1.0,0.0,0.0,1330.488489385967,71.10583018341397,n/a,-7.280562215399894,-0.0837949039999998,n/a,n/a,0.0,0.0,0.0,0.0,0.0,0.0,0.0,27.38780751759551,47.87381181645304,382.3161126859305,75.45090947903655,0.0,n/a,0.0,0.0,4.02920270198816,0.0,32.0,4.0,n/a,41.666585236185945,169.75927493659452,1069.99454893827,14.425684493794991,0.27831550620500245,0.0,0.0,0.0,-0.2608947157859802,0.7942982912063599,-0.20082643628120422,0.23840542137622833,0.8247165679931641,0.5688459873199463,0.9634844660758972,0.9584655165672302,0.797125,n/a,n/a,n/a,n/a,n/a,n/a,41.08862559890747,0.3541457172036171,-2927.339913574219,6.334918325592298e-06,-4.0,n/a,n/a,n/a,n/a,n/a,n/a,n/a,n/a,n/a,n/a,n/a,n/a,n/a,31000,26.49447250366211,n/a,n/a,76.60844802856445,3.0203846905756633,-26.31280664519985,2.5579831398496338,0.0,0.0,0.0,0.0,0.0,0.0,-78.0,0.0,0.0,0.0,0.0,0.0,3.3554753557987262,0.0,0.0,-10.000000000000163,0.0,0.0
31,178000.0,94.0,550.1816778065074,2000.0,0.0,0.0,1.0,0.0,0.0,1088.7304613421275,30.217204046599704,n/a,0.0,-5.774897778933334,n/a,n/a,0.0,0.0,0.0,0.0,0.0,0.0,0.0,10.55679573399677,0.17297682988451574,569.5053604292572,23.385863166911257,0.0,n/a,0.0,0.0,-10.42329141266215,0.0,400.0,4.0,n/a,26.28362127037059,163.2165476964244,997.361129839754,34.57354957279611,31.2654504272039,0.0,0.0,0.0,-0.16458101570606232,0.9523903131484985,-0.40316101908683777,0.2325248122215271,0.8574900031089783,0.28113576769828796,0.8988422155380249,0.9523130655288696,0.805625,n/a,n/a,n/a,n/a,n/a,n/a,40.749952674865725,0.35778036761283877,-2929.4441723632813,6.241505578145734e-06,-4.0,n/a,n/a,n/a,n/a,n/a,n/a,n/a,n/a,n/a,n/a,n/a,n/a,n/a,32000,26.654109954833984,n/a,n/a,70.45842480659485,3.884345869827106,-31.264003653299916,0.05204020658510993,0.0,0.0,0.0,0.0,0.0,0.0,0.0,0.0,0.0,0.0,0.0,0.0,0.08648841494225787,0.0,0.0,-10.000000000000163,0.0,0.0
32,179000.0,94.0,nan,nan,nan,nan,nan,nan,nan,nan,nan,n/a,nan,nan,n/a,n/a,nan,nan,nan,nan,nan,nan,nan,nan,nan,nan,nan,nan,n/a,nan,nan,nan,nan,nan,nan,n/a,nan,nan,nan,nan,nan,nan,nan,nan,nan,nan,nan,nan,nan,nan,nan,nan,nan,n/a,n/a,n/a,n/a,n/a,n/a,39.63364574813843,0.35664225220680235,-2931.246854980469,6.1491017549997195e-06,-4.0,n/a,n/a,n/a,n/a,n/a,n/a,n/a,n/a,n/a,n/a,n/a,n/a,n/a,33000,26.814632415771484,n/a,n/a,65.45660424232483,nan,nan,nan,nan,nan,nan,nan,nan,nan,nan,nan,nan,nan,nan,nan,nan,nan,nan,nan,nan,nan
33,180000.0,94.0,nan,nan,nan,nan,nan,nan,nan,nan,nan,n/a,nan,nan,n/a,n/a,nan,nan,nan,nan,nan,nan,nan,nan,nan,nan,nan,nan,n/a,nan,nan,nan,nan,nan,nan,n/a,nan,nan,nan,nan,nan,nan,nan,nan,nan,nan,nan,nan,nan,nan,nan,nan,nan,n/a,n/a,n/a,n/a,n/a,n/a,39.75172626495361,0.36753095060586927,-2949.9523603515627,6.0577469739655494e-06,-4.0,n/a,n/a,n/a,n/a,n/a,n/a,n/a,n/a,n/a,n/a,n/a,n/a,n/a,34000,26.974384307861328,n/a,n/a,72.57270979881287,nan,nan,nan,nan,nan,nan,nan,nan,nan,nan,nan,nan,nan,nan,nan,nan,nan,nan,nan,nan,nan
34,181000.0,95.0,129.9213020433742,2000.0,0.0,0.0,1.0,0.0,0.0,1341.420545028872,98.61628608212642,n/a,-16.45717172547608,-5.494469666666665,n/a,n/a,0.0,0.0,0.0,0.0,0.0,0.0,0.0,9.839766470222928,7.7957762121015906,273.3328249952119,18.53036495016431,0.0,n/a,0.0,0.0,-59.56250003815075,0.0,301.0,3.0,n/a,32.237701145732466,170.18001004658248,1095.5942695062358,1.3490556495301778,93.70905564953019,0.0,0.0,0.0,-0.2747657597064972,0.7976815700531006,-0.521552324295044,0.11147163063287735,0.8301796317100525,0.5598945021629333,0.8316710591316223,0.9835308194160461,0.798,n/a,n/a,n/a,n/a,n/a,n/a,40.45494938659668,0.3781369411945343,-2961.6301787109373,5.966960571640812e-06,-4.0,n/a,n/a,n/a,n/a,n/a,n/a,n/a,n/a,n/a,n/a,n/a,n/a,n/a,35000,27.13467788696289,n/a,n/a,74.85758948326111,-1.454909631996183,-29.788164230699863,0.07190848989811807,0.0,0.0,0.0,0.0,0.0,0.0,-57.0,0.0,0.0,0.0,0.0,0.0,0.10787621876461291,0.0,0.0,-10.000000000000163,0.0,0.0
35,182000.0,96.0,-21.591993959347903,2000.0,0.0,0.0,1.0,0.0,0.0,1181.0827371057371,94.73319686890582,n/a,0.0,-1.8749361530666675,n/a,n/a,0.0,0.0,0.0,0.0,0.0,0.0,0.0,10.83046981337029,3.7302102707129094,107.4685742904411,21.880892240107364,0.0,n/a,0.0,0.0,-24.180466656211266,0.0,106.0,2.0,n/a,49.98816216710066,169.6275742397891,934.1415841475323,10.40179572851237,166.43179572851238,0.0,0.0,0.0,-0.3392467200756073,0.8757040500640869,-0.5796587467193604,0.1523449718952179,0.7805671095848083,0.4469923675060272,0.8002389073371887,0.9736339449882507,0.80325,n/a,n/a,n/a,n/a,n/a,n/a,41.59245168304443,0.38204215788841245,-2974.179320800781,5.877544069335272e-06,-4.0,n/a,n/a,n/a,n/a,n/a,n/a,n/a,n/a,n/a,n/a,n/a,n/a,n/a,36000,27.294429779052734,n/a,n/a,72.8998670578003,5.852687277797843,-16.787579878800038,1.4534052827318773,0.0,0.0,0.0,0.0,0.0,0.0,-121.5,0.0,0.0,0.0,0.0,0.0,1.5347495535687776,0.0,0.0,-10.000000000000163,0.0,0.0
36,183000.0,96.0,nan,nan,nan,nan,nan,nan,nan,nan,nan,n/a,nan,nan,n/a,n/a,nan,nan,nan,nan,nan,nan,nan,nan,nan,nan,nan,nan,n/a,nan,nan,nan,nan,nan,nan,n/a,nan,nan,nan,nan,nan,nan,nan,nan,nan,nan,nan,nan,nan,nan,nan,nan,nan,n/a,n/a,n/a,n/a,n/a,n/a,40.402445774078366,0.3856130982041359,-2980.530520996094,5.78925215813797e-06,-4.0,n/a,n/a,n/a,n/a,n/a,n/a,n/a,n/a,n/a,n/a,n/a,n/a,n/a,37000,27.454334259033203,n/a,n/a,65.09302401542664,nan,nan,nan,nan,nan,nan,nan,nan,nan,nan,nan,nan,nan,nan,nan,nan,nan,nan,nan,nan,nan
37,184000.0,96.0,nan,nan,nan,nan,nan,nan,nan,nan,nan,n/a,nan,nan,n/a,n/a,nan,nan,nan,nan,nan,nan,nan,nan,nan,nan,nan,nan,n/a,nan,nan,nan,nan,nan,nan,n/a,nan,nan,nan,nan,nan,nan,nan,nan,nan,nan,nan,nan,nan,nan,nan,nan,nan,n/a,n/a,n/a,n/a,n/a,n/a,37.52714992523193,0.40052823615074157,-2961.1176796875,5.703253540559672e-06,-4.0,n/a,n/a,n/a,n/a,n/a,n/a,n/a,n/a,n/a,n/a,n/a,n/a,n/a,38000,27.614513397216797,n/a,n/a,70.73050904273987,nan,nan,nan,nan,nan,nan,nan,nan,nan,nan,nan,nan,nan,nan,nan,nan,nan,nan,nan,nan,nan
38,185000.0,97.0,1061.934554960061,2000.0,0.0,0.0,1.0,0.0,6.0,921.7491303206757,286.4682771907171,n/a,0.7593722603177719,-0.18309531346666647,n/a,n/a,0.0,0.0,0.0,0.0,0.0,0.0,0.0,39.91465249729828,49.95552585621828,905.4257566580302,59.7711485732746,0.0,n/a,0.0,0.0,13.49979901405535,0.0,51.0,5.0,n/a,41.16681906405352,178.8379264520328,878.5027171309681,16.116069637535418,25.881069637535425,0.0,0.0,0.0,-0.20450034737586975,0.7871547341346741,-0.5961096286773682,0.42510712146759033,0.804604709148407,0.5514386892318726,0.760337769985199,0.896554708480835,0.733625,n/a,n/a,n/a,n/a,n/a,n/a,34.92107975769043,0.3834419471025467,-2952.79008984375,5.619332748210581e-06,-4.0,n/a,n/a,n/a,n/a,n/a,n/a,n/a,n/a,n/a,n/a,n/a,n/a,n/a,39000,27.774341583251953,n/a,n/a,77.08794093132019,2.358350926306376,-12.84066608220012,7.166690584275837,0.0,0.0,0.0,0.0,0.0,0.0,-10.5,0.0,0.0,0.0,0.0,0.0,16.607019985933757,0.0,0.0,-10.000000000000163,0.0,0.0
39,186000.0,98.0,6.497513709299031,2000.0,0.0,0.0,1.0,0.0,0.0,897.3652570580127,45.78180287499813,n/a,-14.365676200239688,-0.6670216585333332,n/a,n/a,0.0,0.0,0.0,0.0,0.0,0.0,0.0,11.690831969857946,10.328917827255337,209.4085690110222,-30.02474841636161,0.0,n/a,0.0,0.0,13.599399701713763,0.0,75.0,5.0,n/a,21.09292218572226,167.82743370287204,806.2139585837956,84.25289235224432,177.88189235224434,0.0,0.0,0.0,-0.33020955324172974,0.8521327972412109,-0.04724285751581192,-0.012519683688879013,0.8036769032478333,0.48804596066474915,0.9686417579650879,0.9791635870933533,0.784625,n/a,n/a,n/a,n/a,n/a,n/a,35.787026008605956,0.33588780903816223,-2968.846497558594,5.536335971555672e-06,-4.0,n/a,n/a,n/a,n/a,n/a,n/a,n/a,n/a,n/a,n/a,n/a,n/a,n/a,40000,27.93405532836914,n/a,n/a,75.00256848335266,-10.618870067417797,-29.405248269600015,5.886900897975433,0.0,0.0,0.0,0.0,0.0,0.0,-154.5,0.0,0.0,0.0,0.0,0.0,5.164458913627668,0.0,0.0,-10.000000000000163,0.0,0.0
40,187000.0,98.0,nan,nan,nan,nan,nan,nan,nan,nan,nan,n/a,nan,nan,n/a,n/a,nan,nan,nan,nan,nan,nan,nan,nan,nan,nan,nan,nan,n/a,nan,nan,nan,nan,nan,nan,n/a,nan,nan,nan,nan,nan,nan,nan,nan,nan,nan,nan,nan,nan,nan,nan,nan,nan,n/a,n/a,n/a,n/a,n/a,n/a,35.71946709442139,0.3256185692548752,-2996.3467905273437,5.453281984955538e-06,-4.0,n/a,n/a,n/a,n/a,n/a,n/a,n/a,n/a,n/a,n/a,n/a,n/a,n/a,41000,28.094501495361328,n/a,n/a,65.6148419380188,nan,nan,nan,nan,nan,nan,nan,nan,nan,nan,nan,nan,nan,nan,nan,nan,nan,nan,nan,nan,nan
41,188000.0,98.0,nan,nan,nan,nan,nan,nan,nan,nan,nan,n/a,nan,nan,n/a,n/a,nan,nan,nan,nan,nan,nan,nan,nan,nan,nan,nan,nan,n/a,nan,nan,nan,nan,nan,nan,n/a,nan,nan,nan,nan,nan,nan,nan,nan,nan,nan,nan,nan,nan,nan,nan,nan,nan,n/a,n/a,n/a,n/a,n/a,n/a,33.82995146179199,0.323072744846344,-2991.4176635742188,5.371681404540141e-06,-4.0,n/a,n/a,n/a,n/a,n/a,n/a,n/a,n/a,n/a,n/a,n/a,n/a,n/a,42000,28.254253387451172,n/a,n/a,70.63525915145874,nan,nan,nan,nan,nan,nan,nan,nan,nan,nan,nan,nan,nan,nan,nan,nan,nan,nan,nan,nan,nan
42,189000.0,99.0,1344.9562830476123,2000.0,0.0,0.0,1.0,0.0,18.0,1190.1911845307643,182.43957675738946,n/a,5.819200366998631,-3.555602592399999,n/a,n/a,0.0,0.0,0.0,0.0,0.0,0.0,0.0,109.26842807014876,186.18459048313107,946.1813786111813,56.409853837092804,0.0,n/a,0.0,0.0,-0.21878314403384702,0.0,222.0,4.0,n/a,27.118781193032063,167.74563354189033,884.423837601081,10.999066422767106,40.51893357723292,0.0,0.0,0.0,-0.2518064081668854,0.6362178921699524,-0.3351651430130005,0.4317344129085541,0.8326431512832642,0.6751276850700378,0.9183065295219421,0.8823544383049011,0.713875,n/a,n/a,n/a,n/a,n/a,n/a,33.132616115570066,0.3349867230653763,-2981.557564453125,5.2919719619239915e-06,-4.0,n/a,n/a,n/a,n/a,n/a,n/a,n/a,n/a,n/a,n/a,n/a,n/a,n/a,43000,28.414356231689453,n/a,n/a,76.59731888771057,2.29109035784363,-44.13362648459987,22.657157716607397,0.0,0.0,0.0,0.0,0.0,0.0,0.0,0.0,0.0,0.0,0.0,0.0,74.05259582562333,0.0,0.0,-10.000000000000163,0.0,0.0
43,190000.0,100.0,38.73941069364336,2000.0,0.0,0.0,1.0,0.0,0.0,938.2280909599452,91.83575321253109,n/a,-2.1875136924275043,-2.2421059837333317,n/a,n/a,0.0,0.0,0.0,0.0,0.0,0.0,0.0,7.798037084784493,8.220728592558986,163.1974496668935,33.57221681443341,0.0,n/a,0.0,0.0,0.7579527591337633,0.0,171.0,6.0,n/a,37.63243103499772,173.84233630679725,1521.832277640678,49.83142625676093,47.16342625676094,0.0,0.0,0.0,-0.45165905356407166,0.8479851484298706,-0.4916285276412964,-0.04779293015599251,0.7381592988967896,0.5020601749420166,0.8507925868034363,0.9795158505439758,0.812875,n/a,n/a,n/a,n/a,n/a,n/a,34.299737548828126,0.3220242211818695,-3003.7585849609377,5.213440375882783e-06,-4.0,n/a,n/a,n/a,n/a,n/a,n/a,n/a,n/a,n/a,n/a,n/a,n/a,n/a,44000,29.824153900146484,n/a,n/a,74.29068398475647,-2.0415684574843658,-63.60488294159981,2.430042706826001,0.0,0.0,0.0,0.0,0.0,0.0,-100.5,0.0,0.0,0.0,0.0,0.0,3.3390541442589217,0.0,0.0,-10.000000000000163,0.0,0.0
44,191000.0,100.0,nan,nan,nan,nan,nan,nan,nan,nan,nan,n/a,nan,nan,n/a,n/a,nan,nan,nan,nan,nan,nan,nan,nan,nan,nan,nan,nan,n/a,nan,nan,nan,nan,nan,nan,n/a,nan,nan,nan,nan,nan,nan,nan,nan,nan,nan,nan,nan,nan,nan,nan,nan,nan,n/a,n/a,n/a,n/a,n/a,n/a,34.12617170333862,0.3184629420042038,-3025.9460991210935,5.134970301696739e-06,-4.0,n/a,n/a,n/a,n/a,n/a,n/a,n/a,n/a,n/a,n/a,n/a,n/a,n/a,45000,29.98398208618164,n/a,n/a,65.45283317565918,nan,nan,nan,nan,nan,nan,nan,nan,nan,nan,nan,nan,nan,nan,nan,nan,nan,nan,nan,nan,nan
45,192000.0,100.0,nan,nan,nan,nan,nan,nan,nan,nan,nan,n/a,nan,nan,n/a,n/a,nan,nan,nan,nan,nan,nan,nan,nan,nan,nan,nan,nan,n/a,nan,nan,nan,nan,nan,nan,n/a,nan,nan,nan,nan,nan,nan,nan,nan,nan,nan,nan,nan,nan,nan,nan,nan,nan,n/a,n/a,n/a,n/a,n/a,n/a,31.73349118423462,0.3194507533609867,-3029.5383286132815,5.057859613771143e-06,-4.0,n/a,n/a,n/a,n/a,n/a,n/a,n/a,n/a,n/a,n/a,n/a,n/a,n/a,46000,30.144275665283203,n/a,n/a,72.76391434669495,nan,nan,nan,nan,nan,nan,nan,nan,nan,nan,nan,nan,nan,nan,nan,nan,nan,nan,nan,nan,nan
46,193000.0,101.0,963.4247152837723,2000.0,0.0,0.0,1.0,0.0,2.0,1127.2094644217325,173.74262047491473,n/a,0.33122788661546815,0.0,n/a,n/a,0.0,0.0,0.0,0.0,0.0,0.0,0.0,56.33200947019505,46.49427685204012,825.1477375222696,35.228870701082094,0.0,n/a,0.0,0.0,21.262914907629845,0.0,0.0,5.0,n/a,39.803121858086044,178.82924374506075,1092.6838736711431,108.51187555036432,33.152875550364314,0.0,0.0,0.0,-0.1664908081293106,0.7484263181686401,-0.46976685523986816,0.4425564706325531,0.8310245275497437,0.6184919476509094,0.8473206758499146,0.880615770816803,0.755125,n/a,n/a,n/a,n/a,n/a,n/a,30.228515003204347,0.31771308127045633,-3035.33119140625,4.982275308066164e-06,-4.0,n/a,n/a,n/a,n/a,n/a,n/a,n/a,n/a,n/a,n/a,n/a,n/a,n/a,47000,30.304065704345703,n/a,n/a,77.60204267501831,-5.557292340166739,8.803116235800031,2.0117249813536664,0.0,0.0,0.0,0.0,0.0,0.0,-24.0,0.0,0.0,0.0,0.0,0.0,7.3701290669493655,0.0,0.0,-10.000000000000163,0.0,0.0
47,194000.0,102.0,258.63219614601513,2000.0,0.0,0.0,1.0,0.0,0.0,1005.2007039865372,56.69353161280999,n/a,-18.0814912131811,-0.32967541933333283,n/a,n/a,0.0,0.0,0.0,0.0,0.0,0.0,0.0,13.154116244292883,12.048177449912105,239.67282117006698,44.31127535742679,0.0,n/a,0.0,0.0,7.502538131603531,0.0,75.0,4.0,n/a,32.459971164964124,177.5433223400741,1087.710244796465,22.0203081741667,73.98030817416671,0.0,0.0,0.0,-0.28556394577026367,0.8623033165931702,-0.5045138597488403,0.17364288866519928,0.7912680506706238,0.4917222559452057,0.8485598564147949,0.9655910134315491,0.803625,n/a,n/a,n/a,n/a,n/a,n/a,31.958196334838867,0.32370772206783294,-3054.7236923828127,4.907342622573197e-06,-4.0,n/a,n/a,n/a,n/a,n/a,n/a,n/a,n/a,n/a,n/a,n/a,n/a,n/a,48000,30.46377944946289,n/a,n/a,72.33897137641907,5.963064884410455,-7.384570311299966,6.251851127160801,0.0,0.0,0.0,0.0,0.0,0.0,-40.5,0.0,0.0,0.0,0.0,0.0,6.024088724956052,0.0,0.0,-10.000000000000163,0.0,0.0
48,195000.0,102.0,nan,nan,nan,nan,nan,nan,nan,nan,nan,n/a,nan,nan,n/a,n/a,nan,nan,nan,nan,nan,nan,nan,nan,nan,nan,nan,nan,n/a,nan,nan,nan,nan,nan,nan,n/a,nan,nan,nan,nan,nan,nan,nan,nan,nan,nan,nan,nan,nan,nan,nan,nan,nan,n/a,n/a,n/a,n/a,n/a,n/a,32.99470690536499,0.32388832813501356,-3076.465126953125,4.833244831388583e-06,-4.0,n/a,n/a,n/a,n/a,n/a,n/a,n/a,n/a,n/a,n/a,n/a,n/a,n/a,49000,30.62411117553711,n/a,n/a,65.50906181335449,nan,nan,nan,nan,nan,nan,nan,nan,nan,nan,nan,nan,nan,nan,nan,nan,nan,nan,nan,nan,nan
49,196000.0,102.0,nan,nan,nan,nan,nan,nan,nan,nan,nan,n/a,nan,nan,n/a,n/a,nan,nan,nan,nan,nan,nan,nan,nan,nan,nan,nan,nan,n/a,nan,nan,nan,nan,nan,nan,n/a,nan,nan,nan,nan,nan,nan,nan,nan,nan,nan,nan,nan,nan,nan,nan,nan,nan,n/a,n/a,n/a,n/a,n/a,n/a,34.755203243255615,0.32093175691366194,-3094.0486005859375,4.760228292980173e-06,-4.0,n/a,n/a,n/a,n/a,n/a,n/a,n/a,n/a,n/a,n/a,n/a,n/a,n/a,50000,30.784015655517578,n/a,n/a,72.91192483901978,nan,nan,nan,nan,nan,nan,nan,nan,nan,nan,nan,nan,nan,nan,nan,nan,nan,nan,nan,nan,nan
50,197000.0,103.0,-185.13783471552517,2000.0,0.0,0.0,1.0,0.0,0.0,1072.9170985787907,318.162875983927,n/a,0.0,0.0,n/a,n/a,0.0,0.0,0.0,0.0,0.0,0.0,0.0,0.332735321064892,0.0,-84.39561036650531,-7.171717908715619,0.0,n/a,0.0,0.0,-16.614888492168152,0.0,0.0,4.0,n/a,40.95800423845755,178.28343655701514,904.367367335972,61.5444143931962,170.54541439319618,0.0,0.0,0.0,-0.5213654041290283,0.8652623891830444,-0.3075668215751648,0.04411899670958519,0.6851474046707153,0.487274706363678,0.940734326839447,0.9873928427696228,0.834,n/a,n/a,n/a,n/a,n/a,n/a,35.949330360412596,0.3204497433900833,-3104.6861997070314,4.6883669419912624e-06,-4.0,n/a,n/a,n/a,n/a,n/a,n/a,n/a,n/a,n/a,n/a,n/a,n/a,n/a,51000,30.944271087646484,n/a,n/a,78.28906297683716,-7.659261638201193,-59.629091630999774,0.0,0.0,0.0,0.0,0.0,0.0,0.0,0.0,0.0,0.0,0.0,0.0,0.0,0.0,0.0,0.0,-10.000000000000163,0.0,0.0
51,198000.0,104.0,-21.748321893125134,2000.0,0.0,0.0,1.0,0.0,0.0,1415.2141614806812,16.822331035583737,n/a,-7.387969463541557,0.0,n/a,n/a,0.0,0.0,0.0,0.0,0.0,0.0,0.0,16.46661889441745,32.03014502910667,26.723926125534952,18.89814877149121,0.0,n/a,0.0,0.0,-29.480362940846398,0.0,0.0,5.0,n/a,46.00306594835677,168.4598735388987,1164.445882434641,119.45349450764093,99.90649450764086,0.0,0.0,0.0,-0.12255269289016724,0.9219021201133728,-0.2647082507610321,0.3490506112575531,0.8496536612510681,0.35951316356658936,0.9533383846282959,0.923157274723053,0.81325,n/a,n/a,n/a,n/a,n/a,n/a,36.204225311279295,0.3330252866446972,-3101.6425727539063,4.618084552930668e-06,-4.0,n/a,n/a,n/a,n/a,n/a,n/a,n/a,n/a,n/a,n/a,n/a,n/a,n/a,52000,31.104061126708984,n/a,n/a,71.779052734375,8.124032620350858,-42.816599927099716,6.577071645057593,0.0,0.0,0.0,0.0,0.0,0.0,-48.0,0.0,0.0,0.0,0.0,0.0,7.116667352404189,0.0,0.0,-10.000000000000163,0.0,0.0
52,199000.0,104.0,nan,nan,nan,nan,nan,nan,nan,nan,nan,n/a,nan,nan,n/a,n/a,nan,nan,nan,nan,nan,nan,nan,nan,nan,nan,nan,nan,n/a,nan,nan,nan,nan,nan,nan,n/a,nan,nan,nan,nan,nan,nan,nan,nan,nan,nan,nan,nan,nan,nan,nan,nan,nan,n/a,n/a,n/a,n/a,n/a,n/a,35.672544631958004,0.3308884061574936,-3100.7290556640623,4.549432394924224e-06,-4.0,n/a,n/a,n/a,n/a,n/a,n/a,n/a,n/a,n/a,n/a,n/a,n/a,n/a,53000,31.26388931274414,n/a,n/a,65.4587390422821,nan,nan,nan,nan,nan,nan,nan,nan,nan,nan,nan,nan,nan,nan,nan,nan,nan,nan,nan,nan,nan
53,200000.0,104.0,nan,nan,nan,nan,nan,nan,nan,nan,nan,n/a,nan,nan,n/a,n/a,nan,nan,nan,nan,nan,nan,nan,nan,nan,nan,nan,nan,n/a,nan,nan,nan,nan,nan,nan,n/a,nan,nan,nan,nan,nan,nan,nan,nan,nan,nan,nan,nan,nan,nan,nan,nan,nan,n/a,n/a,n/a,n/a,n/a,n/a,34.7646145362854,0.3255881745815277,-3105.64210546875,4.4816912741225675e-06,-4.0,n/a,n/a,n/a,n/a,n/a,n/a,n/a,n/a,n/a,n/a,n/a,n/a,n/a,54000,31.42410659790039,n/a,n/a,71.47615218162537,nan,nan,nan,nan,nan,nan,nan,nan,nan,nan,nan,nan,nan,nan,nan,nan,nan,nan,nan,nan,nan
54,201000.0,105.0,1886.390014682748,2000.0,0.0,0.0,1.0,0.0,67.0,1210.4024906168345,346.92342314236214,n/a,14.434998263184799,0.0,n/a,n/a,0.0,0.0,0.0,0.0,0.0,0.0,0.0,130.00604877493063,254.92071109767429,1323.039151685516,67.37843251194751,0.0,n/a,0.0,0.0,-13.917524031584291,0.0,0.0,0.0,n/a,65.30332240841767,164.03904827958723,747.7376568170234,13.00635202416304,31.456647975836944,0.0,0.0,0.0,-0.0813506543636322,0.5001183152198792,-0.17154251039028168,0.4987261891365051,0.8914273381233215,0.7998815774917603,0.9675249457359314,0.8507338762283325,0.777625,n/a,n/a,n/a,n/a,n/a,n/a,33.930398109436034,0.3290064284801483,-3113.4701875,4.414933389853104e-06,-4.0,n/a,n/a,n/a,n/a,n/a,n/a,n/a,n/a,n/a,n/a,n/a,n/a,n/a,55000,31.58389663696289,n/a,n/a,76.02970123291016,5.4877667169635265,3.367272056400011,34.97236911270646,0.0,0.0,0.0,0.0,0.0,0.0,0.0,0.0,0.0,0.0,0.0,0.0,76.70078849496916,0.0,0.0,-10.000000000000163,0.0,0.0
55,202000.0,106.0,-512.4965983917026,2000.0,0.0,0.0,1.0,0.0,0.0,1084.0490470438178,13.583917663568764,n/a,-1.948373688615547,0.0,n/a,n/a,0.0,0.0,0.0,0.0,0.0,0.0,0.0,5.222604493491124,3.6636056920789595,-376.0776630582262,-21.715626558089273,0.0,n/a,0.0,0.0,28.19887295704103,0.0,0.0,3.0,n/a,47.29427225257882,170.84970808555602,1187.729684205187,151.61320787948355,157.65320787948355,0.0,0.0,0.0,-0.31748703122138977,0.9187898635864258,-0.08415190875530243,-0.037388693541288376,0.8373396992683411,0.3774888515472412,0.9859655499458313,0.9827053546905518,0.852625,n/a,n/a,n/a,n/a,n/a,n/a,35.24594017028809,0.3290105040073395,-3121.1416708984375,4.349172695583548e-06,-4.0,n/a,n/a,n/a,n/a,n/a,n/a,n/a,n/a,n/a,n/a,n/a,n/a,n/a,56000,31.743648529052734,n/a,n/a,71.65959334373474,7.821316704825381,-43.09556395649994,1.8148132685290193,0.0,0.0,0.0,0.0,0.0,0.0,-108.0,0.0,0.0,0.0,0.0,0.0,1.619415753763322,0.0,0.0,-10.000000000000163,0.0,0.0
56,203000.0,106.0,nan,nan,nan,nan,nan,nan,nan,nan,nan,n/a,nan,nan,n/a,n/a,nan,nan,nan,nan,nan,nan,nan,nan,nan,nan,nan,nan,n/a,nan,nan,nan,nan,nan,nan,n/a,nan,nan,nan,nan,nan,nan,nan,nan,nan,nan,nan,nan,nan,nan,nan,nan,nan,n/a,n/a,n/a,n/a,n/a,n/a,34.356531475067136,0.32457835447788236,-3131.1688071289063,4.284158959308115e-06,-4.0,n/a,n/a,n/a,n/a,n/a,n/a,n/a,n/a,n/a,n/a,n/a,n/a,n/a,57000,31.903980255126953,n/a,n/a,66.3055305480957,nan,nan,nan,nan,nan,nan,nan,nan,nan,nan,nan,nan,nan,nan,nan,nan,nan,nan,nan,nan,nan
57,204000.0,106.0,nan,nan,nan,nan,nan,nan,nan,nan,nan,n/a,nan,nan,n/a,n/a,nan,nan,nan,nan,nan,nan,nan,nan,nan,nan,nan,nan,n/a,nan,nan,nan,nan,nan,nan,n/a,nan,nan,nan,nan,nan,nan,nan,nan,nan,nan,nan,nan,nan,nan,nan,nan,nan,n/a,n/a,n/a,n/a,n/a,n/a,35.44646050262451,0.32293826597929,-3135.5220385742186,4.220249289573985e-06,-4.0,n/a,n/a,n/a,n/a,n/a,n/a,n/a,n/a,n/a,n/a,n/a,n/a,n/a,58000,32.063846588134766,n/a,n/a,73.0310308933258,nan,nan,nan,nan,nan,nan,nan,nan,nan,nan,nan,nan,nan,nan,nan,nan,nan,nan,nan,nan,nan
58,205000.0,107.0,-12.713289868155679,2000.0,0.0,0.0,1.0,0.0,0.0,1333.458441865923,98.59651906186564,n/a,-23.264281069001115,0.0,n/a,n/a,0.0,0.0,0.0,0.0,0.0,0.0,0.0,21.016091627966958,1.563813965326139,67.37956864158197,3.8109772465189744,0.0,n/a,0.0,0.0,-15.869336111314102,0.0,0.0,7.0,n/a,28.530054490860756,178.67307282623736,950.7722841324818,82.06629680162486,159.65370319837513,0.0,0.0,0.0,-0.09833162277936935,0.9070549607276917,-0.39194536209106445,0.24092358350753784,0.9055901765823364,0.37298864126205444,0.9059449434280396,0.9603091478347778,0.8515,n/a,n/a,n/a,n/a,n/a,n/a,36.210909225463865,0.31937216699123383,-3147.8527622070314,4.157173403655179e-06,-4.0,n/a,n/a,n/a,n/a,n/a,n/a,n/a,n/a,n/a,n/a,n/a,n/a,n/a,59000,32.224063873291016,n/a,n/a,76.94090986251831,-6.93676358655787,23.493844571400132,0.4423000192285104,0.0,0.0,0.0,0.0,0.0,0.0,-75.0,0.0,0.0,0.0,0.0,0.0,0.6504948266946455,0.0,0.0,-10.000000000000163,0.0,0.0
59,206000.0,108.0,157.4955337674485,2000.0,0.0,0.0,1.0,0.0,2.0,995.188713355937,66.41007434110685,n/a,1.8373707641496377,-0.0536474810666665,n/a,n/a,0.0,0.0,0.0,0.0,0.0,0.0,0.0,6.277925866321508,7.820958558692491,188.17177068493157,-3.192274816446181,0.0,n/a,0.0,0.0,2.560217773063621,0.0,30.0,4.0,n/a,42.458765577943716,174.4242247147092,1117.138083393489,115.11764737634651,129.5786473763465,0.0,0.0,0.0,-0.34570419788360596,0.8878795504570007,-0.36423924565315247,0.05922568589448929,0.7765248417854309,0.4379838705062866,0.9067276120185852,0.98224276304245,0.794875,n/a,n/a,n/a,n/a,n/a,n/a,37.285333003997806,0.32255796909332274,-3158.879259277344,4.094870418157371e-06,-4.0,n/a,n/a,n/a,n/a,n/a,n/a,n/a,n/a,n/a,n/a,n/a,n/a,n/a,60000,32.383853912353516,n/a,n/a,72.70875644683838,-4.907205647658317,-19.781409079200003,2.851347865314895,0.0,0.0,0.0,0.0,0.0,0.0,-18.0,0.0,0.0,0.0,0.0,0.0,3.9104792793462453,0.0,0.0,-10.000000000000163,0.0,0.0
60,207000.0,108.0,nan,nan,nan,nan,nan,nan,nan,nan,nan,n/a,nan,nan,n/a,n/a,nan,nan,nan,nan,nan,nan,nan,nan,nan,nan,nan,nan,n/a,nan,nan,nan,nan,nan,nan,n/a,nan,nan,nan,nan,nan,nan,nan,nan,nan,nan,nan,nan,nan,nan,nan,nan,nan,n/a,n/a,n/a,n/a,n/a,n/a,37.9413556098938,0.31835231694579125,-3159.8912377929687,4.0336664487767846e-06,-4.0,n/a,n/a,n/a,n/a,n/a,n/a,n/a,n/a,n/a,n/a,n/a,n/a,n/a,61000,32.54368209838867,n/a,n/a,64.85646104812622,nan,nan,nan,nan,nan,nan,nan,nan,nan,nan,nan,nan,nan,nan,nan,nan,nan,nan,nan,nan,nan
61,208000.0,109.0,-580.6894215668758,700.0,0.0,1.0,0.0,0.0,0.0,1472.4936768453933,192.84129909105368,n/a,-61.363587671716616,0.0,n/a,n/a,0.0,0.0,0.0,0.0,0.0,0.0,0.0,3.1758285047016472,7.5402522010801984,-124.78233798835743,-60.405194980018116,0.0,n/a,0.0,0.0,15.385854079059522,0.0,0.0,5.0,n/a,17.999140567969064,166.2577789159369,912.8360784696403,165.406522334542,179.61847766545804,0.0,0.0,0.0,0.18158671259880066,0.9655903577804565,-0.42676037549972534,-0.5413861274719238,0.7917636036872864,0.2517383396625519,0.8907566666603088,0.8202230930328369,0.8021428571428572,n/a,n/a,n/a,n/a,n/a,n/a,38.08603466033936,0.32370715016126633,-3161.2440688476563,3.973679361479298e-06,-4.0,n/a,n/a,n/a,n/a,n/a,n/a,n/a,n/a,n/a,n/a,n/a,n/a,n/a,62000,32.703975677490234,n/a,n/a,70.49258756637573,-15.767979209869056,-37.324855809900015,2.067241534196248,0.0,0.0,0.0,0.0,0.0,0.0,-208.5,0.0,0.0,0.0,0.0,0.0,2.7853577739482285,0.0,0.0,-3.4999999999999476,-100.0,0.0
62,209000.0,110.0,662.2475729158205,2000.0,0.0,0.0,1.0,0.0,5.0,1287.9253593308604,213.16566405320438,n/a,0.7438413638728809,0.0,n/a,n/a,0.0,0.0,0.0,0.0,0.0,0.0,0.0,37.71513179018192,74.53363174341851,568.9174579644647,37.52661924099236,0.0,n/a,0.0,0.0,-23.74187402266632,0.0,0.0,7.0,n/a,44.37346987624135,169.34536839450806,1205.0731395872217,99.28358196332947,61.73541803667054,0.0,0.0,0.0,-0.1354827582836151,0.7601326704025269,-0.36005476117134094,0.30465269088745117,0.8697528839111328,0.6051276326179504,0.9117739200592041,0.9379413723945618,0.797625,n/a,n/a,n/a,n/a,n/a,n/a,38.04677689743042,0.3326495510339737,-3160.718951171875,3.914656627785007e-06,-4.0,n/a,n/a,n/a,n/a,n/a,n/a,n/a,n/a,n/a,n/a,n/a,n/a,n/a,63000,32.863765716552734,n/a,n/a,73.38803625106812,-2.033079869027245,-33.23378188619995,1.581182895802393,0.0,0.0,0.0,0.0,0.0,0.0,0.0,0.0,0.0,0.0,0.0,0.0,10.238443694984618,0.0,0.0,-10.000000000000163,0.0,0.0
63,210000.0,110.0,nan,nan,nan,nan,nan,nan,nan,nan,nan,n/a,nan,nan,n/a,n/a,nan,nan,nan,nan,nan,nan,nan,nan,nan,nan,nan,nan,n/a,nan,nan,nan,nan,nan,nan,n/a,nan,nan,nan,nan,nan,nan,nan,nan,nan,nan,nan,nan,nan,nan,nan,nan,nan,n/a,n/a,n/a,n/a,n/a,n/a,38.139974712371824,0.32899949967861175,-3174.24244140625,3.856565239402698e-06,-4.0,n/a,n/a,n/a,n/a,n/a,n/a,n/a,n/a,n/a,n/a,n/a,n/a,n/a,64000,33.02340316772461,n/a,n/a,69.21722412109375,nan,nan,nan,nan,nan,nan,nan,nan,nan,nan,nan,nan,nan,nan,nan,nan,nan,nan,nan,nan,nan
64,211000.0,110.0,nan,nan,nan,nan,nan,nan,nan,nan,nan,n/a,nan,nan,n/a,n/a,nan,nan,nan,nan,nan,nan,nan,nan,nan,nan,nan,nan,n/a,nan,nan,nan,nan,nan,nan,n/a,nan,nan,nan,nan,nan,nan,nan,nan,nan,nan,nan,nan,nan,nan,nan,nan,nan,n/a,n/a,n/a,n/a,n/a,n/a,37.02128769302368,0.3270387344956398,-3184.6758999023436,3.798751828526292e-06,-4.0,n/a,n/a,n/a,n/a,n/a,n/a,n/a,n/a,n/a,n/a,n/a,n/a,n/a,65000,33.18373489379883,n/a,n/a,75.06900906562805,nan,nan,nan,nan,nan,nan,nan,nan,nan,nan,nan,nan,nan,nan,nan,nan,nan,nan,nan,nan,nan
65,212000.0,111.0,719.925305803526,2000.0,0.0,0.0,1.0,0.0,0.0,1107.6194178357805,47.17568225731376,n/a,0.0,-10.12848750986667,n/a,n/a,0.0,0.0,0.0,0.0,0.0,0.0,0.0,33.09459659389599,19.721271663409947,698.5311996729631,40.7238769769339,0.0,n/a,0.0,0.0,9.408224497454698,0.0,433.0,6.0,n/a,30.771761519461553,179.4995597065332,1478.3144711565035,21.0398324202383,29.06283242023831,0.0,0.0,0.0,-0.01979263871908188,0.9374101758003235,-0.47520965337753296,0.23872464895248413,0.8302865624427795,0.3186206817626953,0.8522463440895081,0.9567924737930298,0.78325,n/a,n/a,n/a,n/a,n/a,n/a,35.77337002563477,0.3297761703133583,-3175.3130615234377,3.742237910955737e-06,-4.0,n/a,n/a,n/a,n/a,n/a,n/a,n/a,n/a,n/a,n/a,n/a,n/a,n/a,66000,33.34371566772461,n/a,n/a,76.00495076179504,3.455394982487482,-43.76946349079995,9.528056585338819,0.0,0.0,0.0,0.0,0.0,0.0,-40.5,0.0,0.0,0.0,0.0,0.0,9.860635831704974,0.0,0.0,-10.000000000000163,0.0,0.0
66,213000.0,112.0,1287.8691657351656,2000.0,0.0,0.0,1.0,0.0,39.0,1125.7011612316542,219.17183985831136,n/a,8.34764222601149,0.0,n/a,n/a,0.0,0.0,0.0,0.0,0.0,0.0,0.0,101.89857486355426,231.22112534314627,819.1021000400164,60.201375449828475,0.0,n/a,0.0,0.0,-39.996518247100255,0.0,0.0,5.0,n/a,44.412173552894444,175.2744649882672,1227.6498205951193,7.094121858357355,36.24087814164262,0.0,0.0,0.0,-0.14239352941513062,0.6138371229171753,-0.2064128965139389,0.3168907165527344,0.88912433385849,0.7435184717178345,0.9539464116096497,0.9271500110626221,0.79325,n/a,n/a,n/a,n/a,n/a,n/a,34.37611875152588,0.3291142404675484,-3185.0973623046875,3.6866465488856194e-06,-4.0,n/a,n/a,n/a,n/a,n/a,n/a,n/a,n/a,n/a,n/a,n/a,n/a,n/a,67000,33.503971099853516,n/a,n/a,73.91619944572449,3.6756180211227374,33.054792019499985,29.97250555421028,0.0,0.0,0.0,0.0,0.0,0.0,-12.0,0.0,0.0,0.0,0.0,0.0,62.391950464865204,0.0,0.0,-10.000000000000163,0.0,0.0
67,214000.0,112.0,nan,nan,nan,nan,nan,nan,nan,nan,nan,n/a,nan,nan,n/a,n/a,nan,nan,nan,nan,nan,nan,nan,nan,nan,nan,nan,nan,n/a,nan,nan,nan,nan,nan,nan,n/a,nan,nan,nan,nan,nan,nan,nan,nan,nan,nan,nan,nan,nan,nan,nan,nan,nan,n/a,n/a,n/a,n/a,n/a,n/a,34.944963165283205,0.3288921007514,-3173.4556909179687,3.631975055213843e-06,-4.0,n/a,n/a,n/a,n/a,n/a,n/a,n/a,n/a,n/a,n/a,n/a,n/a,n/a,68000,33.663761138916016,n/a,n/a,70.62870526313782,nan,nan,nan,nan,nan,nan,nan,nan,nan,nan,nan,nan,nan,nan,nan,nan,nan,nan,nan,nan,nan
68,215000.0,112.0,nan,nan,nan,nan,nan,nan,nan,nan,nan,n/a,nan,nan,n/a,n/a,nan,nan,nan,nan,nan,nan,nan,nan,nan,nan,nan,nan,n/a,nan,nan,nan,nan,nan,nan,n/a,nan,nan,nan,nan,nan,nan,nan,nan,nan,nan,nan,nan,nan,nan,nan,nan,nan,n/a,n/a,n/a,n/a,n/a,n/a,35.150314086914065,0.3406377013325691,-3176.4799404296873,3.578435304461891e-06,-4.0,n/a,n/a,n/a,n/a,n/a,n/a,n/a,n/a,n/a,n/a,n/a,n/a,n/a,69000,33.82358932495117,n/a,n/a,76.2781732082367,nan,nan,nan,nan,nan,nan,nan,nan,nan,nan,nan,nan,nan,nan,nan,nan,nan,nan,nan,nan,nan
69,216000.0,113.0,574.9439404905054,2000.0,0.0,0.0,1.0,0.0,2.0,805.5523442381199,231.37054020811857,n/a,1.7668504603735684,-3.7396714379999993,n/a,n/a,0.0,0.0,0.0,0.0,0.0,0.0,0.0,11.382976659843518,6.557372015027937,585.2176917917591,12.585852017086431,0.0,n/a,0.0,0.0,-1.6607981417521307,0.0,151.0,6.0,n/a,43.69474737728434,165.68660007875326,1176.9989614837232,86.5132284599707,53.03222845997068,0.0,0.0,0.0,-0.42373186349868774,0.9567562341690063,-0.3221253752708435,0.13179446756839752,0.7378298044204712,0.24900132417678833,0.9326366782188416,0.972175657749176,0.804125,n/a,n/a,n/a,n/a,n/a,n/a,35.98434710693359,0.35578619956970214,-3188.983419921875,3.5253731916782273e-06,-4.0,n/a,n/a,n/a,n/a,n/a,n/a,n/a,n/a,n/a,n/a,n/a,n/a,n/a,70000,33.98384475708008,n/a,n/a,73.24503302574158,-4.489520313088766,-30.08379652529984,4.128297957037227,0.0,0.0,0.0,0.0,0.0,0.0,0.0,0.0,0.0,0.0,0.0,0.0,3.2786860075139685,0.0,0.0,-10.000000000000163,0.0,0.0
70,217000.0,114.0,356.2630238602028,2000.0,0.0,0.0,1.0,0.0,0.0,1359.761842897567,20.792822148875185,n/a,-28.21372155512837,-6.594857876533329,n/a,n/a,0.0,0.0,0.0,0.0,0.0,0.0,0.0,23.49922312799911,45.42611269436078,385.70939789878787,4.810740986546333,0.0,n/a,0.0,0.0,16.77306149040849,0.0,292.0,0.0,n/a,62.554652315911085,169.09930054096708,920.638577526011,25.321186852692936,16.758813147307038,0.0,0.0,0.0,-0.361396461725235,0.8308083415031433,-0.049766577780246735,0.18648536503314972,0.7769113779067993,0.49865907430648804,0.9857476353645325,0.9690187573432922,0.792,n/a,n/a,n/a,n/a,n/a,n/a,35.24856595993042,0.3483130964040756,-3192.8478940429686,3.4729084709397283e-06,-4.0,n/a,n/a,n/a,n/a,n/a,n/a,n/a,n/a,n/a,n/a,n/a,n/a,n/a,71000,34.14363479614258,n/a,n/a,74.52124285697937,-3.3959728847158255,-34.58291150219993,5.398371522803012,0.0,0.0,0.0,0.0,0.0,0.0,-63.0,0.0,0.0,0.0,0.0,0.0,20.433579957876614,0.0,0.0,-10.000000000000163,0.0,0.0
71,218000.0,114.0,nan,nan,nan,nan,nan,nan,nan,nan,nan,n/a,nan,nan,n/a,n/a,nan,nan,nan,nan,nan,nan,nan,nan,nan,nan,nan,nan,n/a,nan,nan,nan,nan,nan,nan,n/a,nan,nan,nan,nan,nan,nan,nan,nan,nan,nan,nan,nan,nan,nan,nan,nan,nan,n/a,n/a,n/a,n/a,n/a,n/a,35.74429808044434,0.34525187557935716,-3203.2870087890624,3.4211467918794368e-06,-4.0,n/a,n/a,n/a,n/a,n/a,n/a,n/a,n/a,n/a,n/a,n/a,n/a,n/a,72000,34.30338668823242,n/a,n/a,70.15006375312805,nan,nan,nan,nan,nan,nan,nan,nan,nan,nan,nan,nan,nan,nan,nan,nan,nan,nan,nan,nan,nan
72,219000.0,114.0,nan,nan,nan,nan,nan,nan,nan,nan,nan,n/a,nan,nan,n/a,n/a,nan,nan,nan,nan,nan,nan,nan,nan,nan,nan,nan,nan,n/a,nan,nan,nan,nan,nan,nan,n/a,nan,nan,nan,nan,nan,nan,nan,nan,nan,nan,nan,nan,nan,nan,nan,nan,nan,n/a,n/a,n/a,n/a,n/a,n/a,35.17304698562622,0.3389337272644043,-3204.473866699219,3.3701932325129745e-06,-4.0,n/a,n/a,n/a,n/a,n/a,n/a,n/a,n/a,n/a,n/a,n/a,n/a,n/a,73000,34.46371841430664,n/a,n/a,75.78771567344666,nan,nan,nan,nan,nan,nan,nan,nan,nan,nan,nan,nan,nan,nan,nan,nan,nan,nan,nan,nan,nan
73,220000.0,115.0,403.60121319645515,2000.0,0.0,0.0,1.0,0.0,0.0,1063.3326510669422,26.019424602150956,n/a,0.0,-0.12410021759999984,n/a,n/a,0.0,0.0,0.0,0.0,0.0,0.0,0.0,5.072959501193088,2.5874193092800377,436.4535354530126,2.1589847175786954,0.0,n/a,0.0,0.0,-7.020267913712318,0.0,37.0,6.0,n/a,42.73962479821363,165.61451887391635,1183.5444609039707,35.15099311556107,146.11999311556107,0.0,0.0,0.0,-0.3765270709991455,0.9442455768585205,-0.42740699648857117,0.16656295955181122,0.7793951630592346,0.30341845750808716,0.8815425038337708,0.9715441465377808,0.8215,n/a,n/a,n/a,n/a,n/a,n/a,35.07133855819702,0.33571046936511995,-3210.951167480469,3.320094205719215e-06,-4.0,n/a,n/a,n/a,n/a,n/a,n/a,n/a,n/a,n/a,n/a,n/a,n/a,n/a,74000,34.62358474731445,n/a,n/a,73.43998575210571,4.35434870360232,-29.88166635689989,0.0,0.0,0.0,0.0,0.0,0.0,0.0,0.0,0.0,0.0,0.0,0.0,0.0,0.0,0.0,0.0,-10.000000000000163,0.0,0.0
74,221000.0,116.0,1015.1285561841398,2000.0,0.0,0.0,1.0,0.0,17.0,1063.3712470328717,158.69328091914392,n/a,2.7430422982845477,-0.02634627373333304,n/a,n/a,0.0,0.0,0.0,0.0,0.0,0.0,0.0,40.09011829478835,42.352323627891316,907.3769793294566,48.603378267742904,0.0,n/a,0.0,0.0,11.665704976172199,0.0,46.0,1.0,n/a,42.33304919132018,175.95646366404037,977.0528054123439,49.691255731659375,119.78025573165938,0.0,0.0,0.0,-0.29475533962249756,0.8544773459434509,-0.5393938422203064,0.4200764298439026,0.8085080981254578,0.47144678235054016,0.8250693082809448,0.892024576663971,0.790625,n/a,n/a,n/a,n/a,n/a,n/a,34.909891052246095,0.3321242406964302,-3224.99923828125,3.2704573895898646e-06,-4.0,n/a,n/a,n/a,n/a,n/a,n/a,n/a,n/a,n/a,n/a,n/a,n/a,n/a,75000,34.78376388549805,n/a,n/a,74.02420949935913,-0.35037706749620956,-7.033479749100047,1.891171586393573,0.0,0.0,0.0,0.0,0.0,0.0,-33.0,0.0,0.0,0.0,0.0,0.0,10.816040893742898,0.0,0.0,-10.000000000000163,0.0,0.0
75,222000.0,116.0,nan,nan,nan,nan,nan,nan,nan,nan,nan,n/a,nan,nan,n/a,n/a,nan,nan,nan,nan,nan,nan,nan,nan,nan,nan,nan,nan,n/a,nan,nan,nan,nan,nan,nan,n/a,nan,nan,nan,nan,nan,nan,nan,nan,nan,nan,nan,nan,nan,nan,nan,nan,nan,n/a,n/a,n/a,n/a,n/a,n/a,35.36357571029663,0.32949232202768325,-3224.6677734375,3.221696518266981e-06,-4.0,n/a,n/a,n/a,n/a,n/a,n/a,n/a,n/a,n/a,n/a,n/a,n/a,n/a,76000,34.94355392456055,n/a,n/a,71.17524003982544,nan,nan,nan,nan,nan,nan,nan,nan,nan,nan,nan,nan,nan,nan,nan,nan,nan,nan,nan,nan,nan
76,223000.0,116.0,nan,nan,nan,nan,nan,nan,nan,nan,nan,n/a,nan,nan,n/a,n/a,nan,nan,nan,nan,nan,nan,nan,nan,nan,nan,nan,nan,n/a,nan,nan,nan,nan,nan,nan,n/a,nan,nan,nan,nan,nan,nan,nan,nan,nan,nan,nan,nan,nan,nan,nan,nan,nan,n/a,n/a,n/a,n/a,n/a,n/a,34.85101530456543,0.3312247266769409,-3232.0677548828126,3.17360083317908e-06,-4.0,n/a,n/a,n/a,n/a,n/a,n/a,n/a,n/a,n/a,n/a,n/a,n/a,n/a,77000,35.1033821105957,n/a,n/a,73.9714744091034,nan,nan,nan,nan,nan,nan,nan,nan,nan,nan,nan,nan,nan,nan,nan,nan,nan,nan,nan,nan,nan
77,224000.0,117.0,739.355755138469,2000.0,0.0,0.0,1.0,0.0,0.0,885.699003942374,69.5989547468686,n/a,0.0,-0.6293375962666664,n/a,n/a,0.0,0.0,0.0,0.0,0.0,0.0,0.0,29.395165668875773,43.05013143745089,678.1349627482073,13.891819799656316,0.0,n/a,0.0,0.0,3.3991787092908674,0.0,116.0,0.0,n/a,67.83815082610839,162.26637625935174,1023.6882000244316,84.01349002654163,70.19949002654164,0.0,0.0,0.0,-0.39369192719459534,0.938831627368927,-0.45218297839164734,0.23177729547023773,0.7682855725288391,0.3119741976261139,0.8668559789657593,0.9545761942863464,0.795875,n/a,n/a,n/a,n/a,n/a,n/a,34.33225788879395,0.3330173231959343,-3226.3674243164064,3.1265262355191224e-06,-4.0,n/a,n/a,n/a,n/a,n/a,n/a,n/a,n/a,n/a,n/a,n/a,n/a,n/a,78000,35.263675689697266,n/a,n/a,74.21868205070496,-3.2818528065722914,-25.777071455399913,5.985127791977408,0.0,0.0,0.0,0.0,0.0,0.0,0.0,0.0,0.0,0.0,0.0,0.0,5.1876308412489465,0.0,0.0,-10.000000000000163,0.0,0.0
78,225000.0,118.0,1280.4450050809025,2000.0,0.0,0.0,1.0,0.0,43.0,1168.396961755201,330.6920388922456,n/a,6.031664022932731,-0.006181862133333236,n/a,n/a,0.0,0.0,0.0,0.0,0.0,0.0,0.0,95.07097858415545,152.36060138474474,945.9472136880729,63.94564375751405,0.0,n/a,0.0,0.0,-5.083295224149365,0.0,18.0,7.0,n/a,35.333676271136355,171.2754929522079,1193.1719443760035,4.900957840716662,40.125042159283325,0.0,0.0,0.0,-0.11649657040834427,0.6167178153991699,-0.030173826962709427,0.3375769555568695,0.8612300157546997,0.7185528874397278,0.9779399037361145,0.9258392453193665,0.767875,n/a,n/a,n/a,n/a,n/a,n/a,33.78585020446777,0.33519509601593017,-3233.6607768554686,3.080211727592541e-06,-4.0,n/a,n/a,n/a,n/a,n/a,n/a,n/a,n/a,n/a,n/a,n/a,n/a,n/a,79000,35.423465728759766,n/a,n/a,73.16267442703247,3.7077700487669594,-25.507183820700032,14.073157817392218,0.0,0.0,0.0,0.0,0.0,0.0,-10.5,0.0,0.0,0.0,0.0,0.0,50.404636684286146,0.0,0.0,-10.000000000000163,0.0,0.0
79,226000.0,118.0,nan,nan,nan,nan,nan,nan,nan,nan,nan,n/a,nan,nan,n/a,n/a,nan,nan,nan,nan,nan,nan,nan,nan,nan,nan,nan,nan,n/a,nan,nan,nan,nan,nan,nan,n/a,nan,nan,nan,nan,nan,nan,nan,nan,nan,nan,nan,nan,nan,nan,nan,nan,nan,n/a,n/a,n/a,n/a,n/a,n/a,34.14455463790893,0.3305079295039177,-3230.29540234375,3.03462467263671e-06,-4.0,n/a,n/a,n/a,n/a,n/a,n/a,n/a,n/a,n/a,n/a,n/a,n/a,n/a,80000,35.58317947387695,n/a,n/a,70.94847917556763,nan,nan,nan,nan,nan,nan,nan,nan,nan,nan,nan,nan,nan,nan,nan,nan,nan,nan,nan,nan,nan
80,227000.0,118.0,nan,nan,nan,nan,nan,nan,nan,nan,nan,n/a,nan,nan,n/a,n/a,nan,nan,nan,nan,nan,nan,nan,nan,nan,nan,nan,nan,n/a,nan,nan,nan,nan,nan,nan,n/a,nan,nan,nan,nan,nan,nan,nan,nan,nan,nan,nan,nan,nan,nan,nan,nan,nan,n/a,n/a,n/a,n/a,n/a,n/a,34.09144132614136,0.3302397649884224,-3232.3768657226565,2.9897081899434853e-06,-4.0,n/a,n/a,n/a,n/a,n/a,n/a,n/a,n/a,n/a,n/a,n/a,n/a,n/a,81000,35.74351119995117,n/a,n/a,74.91309309005737,nan,nan,nan,nan,nan,nan,nan,nan,nan,nan,nan,nan,nan,nan,nan,nan,nan,nan,nan,nan,nan
81,228000.0,119.0,-38.409466737410135,2000.0,0.0,0.0,1.0,0.0,0.0,941.3344948161558,128.68996766222656,n/a,-19.323777896738836,-4.1137308234666685,n/a,n/a,0.0,0.0,0.0,0.0,0.0,0.0,0.0,9.806523657701536,13.66172478299501,53.63775498398732,-9.959999952076236,0.0,n/a,0.0,0.0,20.268571630088093,0.0,150.0,5.0,n/a,31.27731701598411,175.4783418136083,1011.3364990631295,178.4747558942353,111.61724410576468,0.0,0.0,0.0,-0.45438504219055176,0.9415807723999023,-0.32863759994506836,0.01044540200382471,0.7444714903831482,0.31316694617271423,0.9296062588691711,0.9866142868995667,0.830625,n/a,n/a,n/a,n/a,n/a,n/a,33.50353102493286,0.32972308868169786,-3216.3415107421874,2.945551408629399e-06,-4.0,n/a,n/a,n/a,n/a,n/a,n/a,n/a,n/a,n/a,n/a,n/a,n/a,n/a,82000,35.90341567993164,n/a,n/a,77.08416652679443,-7.2884106197005725,-32.59812250019997,0.0,0.0,0.0,0.0,0.0,0.0,0.0,-52.5,0.0,0.0,0.0,0.0,0.0,0.0,0.0,0.0,-10.000000000000163,0.0,0.0
82,229000.0,120.0,2031.2468911970043,2000.0,0.0,0.0,1.0,0.0,37.0,973.6454450217809,111.89527748735776,n/a,12.4055298986838,-0.3416808043999995,n/a,n/a,0.0,0.0,0.0,0.0,0.0,0.0,0.0,158.28643848958035,364.52409264129676,1127.1924881225732,79.65757439793342,0.0,n/a,0.0,0.0,2.524958893955868,0.0,78.0,1.0,n/a,64.1420477161042,166.2110492211893,551.9581823379341,5.799049545108688,18.618049545108693,0.0,0.0,0.0,-0.1519576460123062,0.7007524371147156,-0.2306349128484726,0.5658940672874451,0.8525988459587097,0.6527034044265747,0.9592649936676025,0.802243173122406,0.7635,n/a,n/a,n/a,n/a,n/a,n/a,32.757905475616454,0.3268437473475933,-3212.8624873046874,2.902294583236653e-06,-4.0,n/a,n/a,n/a,n/a,n/a,n/a,n/a,n/a,n/a,n/a,n/a,n/a,n/a,83000,36.06367111206055,n/a,n/a,77.88470768928528,7.369552527157842,-6.490222653599999,139.14644802819845,0.0,0.0,0.0,0.0,0.0,0.0,0.0,0.0,0.0,0.0,0.0,0.0,156.97171165559405,0.0,0.0,-10.000000000000163,0.0,0.0
83,230000.0,120.0,nan,nan,nan,nan,nan,nan,nan,nan,nan,n/a,nan,nan,n/a,n/a,nan,nan,nan,nan,nan,nan,nan,nan,nan,nan,nan,nan,n/a,nan,nan,nan,nan,nan,nan,n/a,nan,nan,nan,nan,nan,nan,nan,nan,nan,nan,nan,nan,nan,nan,nan,nan,nan,n/a,n/a,n/a,n/a,n/a,n/a,33.62232774734497,0.3290024744272232,-3215.3330478515627,2.859549617369339e-06,-4.0,n/a,n/a,n/a,n/a,n/a,n/a,n/a,n/a,n/a,n/a,n/a,n/a,n/a,84000,36.22346115112305,n/a,n/a,70.35762548446655,nan,nan,nan,nan,nan,nan,nan,nan,nan,nan,nan,nan,nan,nan,nan,nan,nan,nan,nan,nan,nan
84,231000.0,120.0,nan,nan,nan,nan,nan,nan,nan,nan,nan,n/a,nan,nan,n/a,n/a,nan,nan,nan,nan,nan,nan,nan,nan,nan,nan,nan,nan,n/a,nan,nan,nan,nan,nan,nan,n/a,nan,nan,nan,nan,nan,nan,nan,nan,nan,nan,nan,nan,nan,nan,nan,nan,nan,n/a,n/a,n/a,n/a,n/a,n/a,33.284918228149415,0.3313165368437767,-3214.95364453125,2.817362828864134e-06,-4.0,n/a,n/a,n/a,n/a,n/a,n/a,n/a,n/a,n/a,n/a,n/a,n/a,n/a,85000,36.3832893371582,n/a,n/a,77.29236650466919,nan,nan,nan,nan,nan,nan,nan,nan,nan,nan,nan,nan,nan,nan,nan,nan,nan,nan,nan,nan,nan
85,232000.0,121.0,391.664193686963,2000.0,0.0,0.0,1.0,0.0,0.0,1211.663837679968,45.81767454047567,n/a,0.0,-4.7785117345333346,n/a,n/a,0.0,0.0,0.0,0.0,0.0,0.0,0.0,8.224005750981416,2.1317340565711507,429.5790288626321,36.13971810718005,0.0,n/a,0.0,0.0,-28.499670660248427,0.0,170.0,1.0,n/a,51.433317367066856,176.95635641812785,869.2915121181769,43.278780622684216,92.85521937731576,0.0,0.0,0.0,-0.2022542655467987,0.9408121705055237,-0.5164533257484436,0.2836291193962097,0.8599724769592285,0.32149258255958557,0.8438804745674133,0.9372523427009583,0.822,n/a,n/a,n/a,n/a,n/a,n/a,32.89159738922119,0.3325197901725769,-3219.371788574219,2.7757056600421494e-06,-4.0,n/a,n/a,n/a,n/a,n/a,n/a,n/a,n/a,n/a,n/a,n/a,n/a,n/a,86000,36.54335403442383,n/a,n/a,76.20446300506592,7.525489466930871,2.4655059962999535,0.31102681286378586,0.0,0.0,0.0,0.0,0.0,0.0,-52.5,0.0,0.0,0.0,0.0,0.0,1.0658670282855753,0.0,0.0,-10.000000000000163,0.0,0.0
86,233000.0,122.0,1139.6131538589275,2000.0,0.0,0.0,1.0,0.0,24.0,855.1264794251073,175.70824867077386,n/a,14.260881634269102,0.0,n/a,n/a,0.0,0.0,0.0,0.0,0.0,0.0,0.0,82.22293867442498,129.06550692949966,792.5635879690119,35.41315496323144,0.0,n/a,0.0,0.0,2.38953918316463,0.0,0.0,5.0,n/a,33.654900495347846,174.2539839136904,758.3794650549046,47.73981859043744,3.9141814095625573,0.0,0.0,0.0,-0.33521130681037903,0.7968836426734924,-0.137589231133461,0.36167243123054504,0.7965919375419617,0.5511206388473511,0.9720358848571777,0.9098614454269409,0.772625,n/a,n/a,n/a,n/a,n/a,n/a,32.83575034332275,0.33370436120033264,-3225.008494628906,2.734642563154921e-06,-4.0,n/a,n/a,n/a,n/a,n/a,n/a,n/a,n/a,n/a,n/a,n/a,n/a,n/a,87000,36.70322036743164,n/a,n/a,75.12680983543396,-1.8589042525819774,-11.4804274413,55.265490025096966,0.0,0.0,0.0,0.0,0.0,0.0,-9.0,0.0,0.0,0.0,0.0,0.0,60.771386174100996,0.0,0.0,-10.000000000000163,0.0,0.0
87,234000.0,122.0,nan,nan,nan,nan,nan,nan,nan,nan,nan,n/a,nan,nan,n/a,n/a,nan,nan,nan,nan,nan,nan,nan,nan,nan,nan,nan,nan,n/a,nan,nan,nan,nan,nan,nan,n/a,nan,nan,nan,nan,nan,nan,nan,nan,nan,nan,nan,nan,nan,nan,nan,nan,nan,n/a,n/a,n/a,n/a,n/a,n/a,33.596473220825196,0.3305851604342461,-3231.9996635742186,2.6940449320136397e-06,-4.0,n/a,n/a,n/a,n/a,n/a,n/a,n/a,n/a,n/a,n/a,n/a,n/a,n/a,88000,39.3629264831543,n/a,n/a,72.11534285545349,nan,nan,nan,nan,nan,nan,nan,nan,nan,nan,nan,nan,nan,nan,nan,nan,nan,nan,nan,nan,nan
88,235000.0,122.0,nan,nan,nan,nan,nan,nan,nan,nan,nan,n/a,nan,nan,n/a,n/a,nan,nan,nan,nan,nan,nan,nan,nan,nan,nan,nan,nan,n/a,nan,nan,nan,nan,nan,nan,n/a,nan,nan,nan,nan,nan,nan,nan,nan,nan,nan,nan,nan,nan,nan,nan,nan,nan,n/a,n/a,n/a,n/a,n/a,n/a,34.194988883972165,0.3302392754554749,-3238.041853515625,2.653952363289136e-06,-4.0,n/a,n/a,n/a,n/a,n/a,n/a,n/a,n/a,n/a,n/a,n/a,n/a,n/a,89000,39.52329635620117,n/a,n/a,77.97839093208313,nan,nan,nan,nan,nan,nan,nan,nan,nan,nan,nan,nan,nan,nan,nan,nan,nan,nan,nan,nan,nan
89,236000.0,123.0,-203.42705622724412,2000.0,0.0,0.0,1.0,0.0,1.0,1236.4283269017092,27.98493019579469,n/a,-1.3473735073011883,-3.664953572800001,n/a,n/a,0.0,0.0,0.0,0.0,0.0,0.0,0.0,1.9413824021612387,1.6148514888428205,12.992589621449461,1.8574642317633145,0.0,n/a,0.0,0.0,-54.01945686131188,0.0,137.0,7.0,n/a,21.266873608650855,174.74972285475505,1068.0959187441817,38.2164543842518,179.8185456157482,0.0,0.0,0.0,-0.06015633046627045,0.8761364221572876,-0.30617132782936096,0.20210155844688416,0.8762277960777283,0.47288644313812256,0.9330551028251648,0.9553651213645935,0.81725,n/a,n/a,n/a,n/a,n/a,n/a,34.49907223129272,0.33219306415319444,-3254.7791640625,2.6142762503695848e-06,-4.0,n/a,n/a,n/a,n/a,n/a,n/a,n/a,n/a,n/a,n/a,n/a,n/a,n/a,90000,39.683048248291016,n/a,n/a,77.83412885665894,-2.81138635422959,33.60508108919988,0.09731949056011513,0.0,0.0,0.0,0.0,0.0,0.0,-184.5,0.0,0.0,0.0,0.0,0.0,0.8074257444214102,0.0,0.0,-10.000000000000163,0.0,0.0
90,237000.0,124.0,730.5993868620726,2000.0,0.0,0.0,1.0,0.0,21.0,1014.7908196036364,146.52423258562595,n/a,0.963439191194898,0.0,n/a,n/a,0.0,0.0,0.0,0.0,0.0,0.0,0.0,36.72710454163228,79.2907565518031,560.9735234895148,46.143363140926134,0.0,n/a,0.0,0.0,27.252300718563838,0.0,0.0,5.0,n/a,33.96972634860394,179.80819504654616,1092.7572170941467,83.93687327353673,122.82112672646329,0.0,0.0,0.0,-0.3392745554447174,0.8712548017501831,-0.2658628821372986,0.3576551675796509,0.8022269010543823,0.45591896772384644,0.94204181432724,0.917344331741333,0.802875,n/a,n/a,n/a,n/a,n/a,n/a,34.41216621017456,0.3351528853178024,-3252.8790502929687,2.5752193182597692e-06,-4.0,n/a,n/a,n/a,n/a,n/a,n/a,n/a,n/a,n/a,n/a,n/a,n/a,n/a,91000,39.843379974365234,n/a,n/a,77.83086252212524,-0.09780280736422542,-29.98292199419999,8.184245754103125,0.0,0.0,0.0,0.0,0.0,0.0,-28.5,0.0,0.0,0.0,0.0,0.0,39.64537827590155,0.0,0.0,-10.000000000000163,0.0,0.0
91,238000.0,124.0,nan,nan,nan,nan,nan,nan,nan,nan,nan,n/a,nan,nan,n/a,n/a,nan,nan,nan,nan,nan,nan,nan,nan,nan,nan,nan,nan,n/a,nan,nan,nan,nan,nan,nan,n/a,nan,nan,nan,nan,nan,nan,nan,nan,nan,nan,nan,nan,nan,nan,nan,nan,nan,n/a,n/a,n/a,n/a,n/a,n/a,34.80452983856201,0.3296023755073547,-3264.584448730469,2.5367808211740337e-06,-4.0,n/a,n/a,n/a,n/a,n/a,n/a,n/a,n/a,n/a,n/a,n/a,n/a,n/a,92000,40.00313186645508,n/a,n/a,72.94201350212097,nan,nan,nan,nan,nan,nan,nan,nan,nan,nan,nan,nan,nan,nan,nan,nan,nan,nan,nan,nan,nan
92,239000.0,124.0,nan,nan,nan,nan,nan,nan,nan,nan,nan,n/a,nan,nan,n/a,n/a,nan,nan,nan,nan,nan,nan,nan,nan,nan,nan,nan,nan,n/a,nan,nan,nan,nan,nan,nan,n/a,nan,nan,nan,nan,nan,nan,nan,nan,nan,nan,nan,nan,nan,nan,nan,nan,nan,n/a,n/a,n/a,n/a,n/a,n/a,34.09562549209595,0.32787908560037615,-3264.6239243164064,2.498893235951982e-06,-4.0,n/a,n/a,n/a,n/a,n/a,n/a,n/a,n/a,n/a,n/a,n/a,n/a,n/a,93000,40.16299819946289,n/a,n/a,77.49090671539307,nan,nan,nan,nan,nan,nan,nan,nan,nan,nan,nan,nan,nan,nan,nan,nan,nan,nan,nan,nan,nan
93,240000.0,125.0,-236.35929384891014,2000.0,0.0,0.0,1.0,0.0,3.0,971.8301940549777,117.35984961878809,n/a,-12.272094026577753,0.0,n/a,n/a,0.0,0.0,0.0,0.0,0.0,0.0,0.0,13.399289617116239,8.39635090426559,-91.70545002083824,-43.05344754579095,0.0,n/a,0.0,0.0,7.697909852573079,0.0,0.0,4.0,n/a,37.65524740763137,175.78377929235046,711.6214868584902,171.45970049380418,147.4252995061958,0.0,0.0,0.0,-0.23522400856018066,0.8386886119842529,-0.28203317523002625,0.07461100816726685,0.7972560524940491,0.5250889658927917,0.9424298405647278,0.983784556388855,0.799125,n/a,n/a,n/a,n/a,n/a,n/a,35.11185582351685,0.32796910479664804,-3270.5249477539064,2.461716970628913e-06,-4.0,n/a,n/a,n/a,n/a,n/a,n/a,n/a,n/a,n/a,n/a,n/a,n/a,n/a,94000,40.32321548461914,n/a,n/a,73.47870540618896,-12.49570852933499,-45.872277128099846,3.847957575644079,0.0,0.0,0.0,0.0,0.0,0.0,-58.5,0.0,0.0,0.0,0.0,0.0,4.198175452132795,0.0,0.0,-10.000000000000163,0.0,0.0
94,241000.0,126.0,677.4142593636361,2000.0,0.0,0.0,1.0,0.0,0.0,1107.8466474651848,122.2689741487945,n/a,0.0,-2.9650282444,n/a,n/a,0.0,0.0,0.0,0.0,0.0,0.0,0.0,18.7422122704504,11.945771427425042,649.6129357887517,34.05019155340747,0.0,n/a,0.0,0.0,-7.971033081498632,0.0,179.0,3.0,n/a,45.53390187800647,175.7022456719501,877.1704575253782,83.33377389546216,85.77377389546216,0.0,0.0,0.0,-0.31365883350372314,0.8842066526412964,-0.5029516220092773,0.47940972447395325,0.7929447889328003,0.43172433972358704,0.8370102643966675,0.8624063730239868,0.789375,n/a,n/a,n/a,n/a,n/a,n/a,34.61558511352539,0.32563360571861266,-3263.8674926757812,2.42527350792443e-06,-4.0,n/a,n/a,n/a,n/a,n/a,n/a,n/a,n/a,n/a,n/a,n/a,n/a,n/a,95000,40.48308181762695,n/a,n/a,76.10143613815308,2.103486881180362,2.1428431524000056,0.39552697695323313,0.0,0.0,0.0,0.0,0.0,0.0,-21.0,0.0,0.0,0.0,0.0,0.0,0.35735263896783165,0.0,0.0,-10.000000000000163,0.0,0.0
95,242000.0,126.0,nan,nan,nan,nan,nan,nan,nan,nan,nan,n/a,nan,nan,n/a,n/a,nan,nan,nan,nan,nan,nan,nan,nan,nan,nan,nan,nan,n/a,nan,nan,nan,nan,nan,nan,n/a,nan,nan,nan,nan,nan,nan,nan,nan,nan,nan,nan,nan,nan,nan,nan,nan,nan,n/a,n/a,n/a,n/a,n/a,n/a,34.67337993621826,0.3330912206172943,-3271.4995625,2.389345368555951e-06,-4.0,n/a,n/a,n/a,n/a,n/a,n/a,n/a,n/a,n/a,n/a,n/a,n/a,n/a,96000,40.64271926879883,n/a,n/a,72.56627488136292,nan,nan,nan,nan,nan,nan,nan,nan,nan,nan,nan,nan,nan,nan,nan,nan,nan,nan,nan,nan,nan
96,243000.0,126.0,nan,nan,nan,nan,nan,nan,nan,nan,nan,n/a,nan,nan,n/a,n/a,nan,nan,nan,nan,nan,nan,nan,nan,nan,nan,nan,nan,n/a,nan,nan,nan,nan,nan,nan,n/a,nan,nan,nan,nan,nan,nan,nan,nan,nan,nan,nan,nan,nan,nan,nan,nan,nan,n/a,n/a,n/a,n/a,n/a,n/a,34.181938674926755,0.33522290354967116,-3266.643413574219,2.353925439365412e-06,-4.0,n/a,n/a,n/a,n/a,n/a,n/a,n/a,n/a,n/a,n/a,n/a,n/a,n/a,97000,40.8030891418457,n/a,n/a,76.78612232208252,nan,nan,nan,nan,nan,nan,nan,nan,nan,nan,nan,nan,nan,nan,nan,nan,nan,nan,nan,nan,nan
97,244000.0,127.0,1001.7145947655637,2000.0,0.0,0.0,1.0,0.0,7.0,878.4048270620881,109.82460361570688,n/a,12.317338685253821,-1.1261247803999999,n/a,n/a,0.0,0.0,0.0,0.0,0.0,0.0,0.0,42.76912946894506,97.3608103963589,764.6218609460883,6.4161887399195034,0.0,n/a,0.0,0.0,18.89344040768823,0.0,101.0,4.0,n/a,41.285088883934385,173.0606246211985,1084.2141122227295,137.42708666737911,63.43208666737914,0.0,0.0,0.0,-0.10721404105424881,0.9411749839782715,-0.5046791434288025,0.4334644377231598,0.8175781965255737,0.30498456954956055,0.8549807667732239,0.8777843713760376,0.779375,n/a,n/a,n/a,n/a,n/a,n/a,34.05570246505737,0.33499486672878265,-3258.154272949219,2.319178064681182e-06,-4.0,n/a,n/a,n/a,n/a,n/a,n/a,n/a,n/a,n/a,n/a,n/a,n/a,n/a,98000,40.96284103393555,n/a,n/a,78.83427214622498,-9.873628209196536,-5.062832698799996,42.300134786298386,0.0,0.0,0.0,0.0,0.0,0.0,0.0,0.0,0.0,0.0,0.0,0.0,43.09827702340902,0.0,0.0,-10.000000000000163,0.0,0.0
98,245000.0,128.0,1717.9659407435486,2000.0,0.0,0.0,1.0,0.0,25.0,1275.106537078868,287.71343729800617,n/a,5.671459928278396,-5.352421798800004,n/a,n/a,0.0,0.0,0.0,0.0,0.0,0.0,0.0,98.01057344325366,190.20550492391007,1337.562215658417,52.45127225599277,0.0,n/a,0.0,0.0,1.4332137986457658,0.0,209.0,5.0,n/a,28.883067162694616,174.21281832507145,1096.8674249115113,5.062050213379133,56.616949786620864,0.0,0.0,0.0,-0.008667622692883015,0.6945890188217163,-0.3312140703201294,0.5517323017120361,0.892824113368988,0.6778606176376343,0.9294851422309875,0.8089022040367126,0.792375,n/a,n/a,n/a,n/a,n/a,n/a,33.871317512512206,0.3216772168278694,-3264.082306640625,2.284954302467668e-06,-4.0,n/a,n/a,n/a,n/a,n/a,n/a,n/a,n/a,n/a,n/a,n/a,n/a,n/a,99000,41.123287200927734,n/a,n/a,76.23167538642883,3.055728930723042,-15.750842565900015,19.74405557005285,0.0,0.0,0.0,0.0,0.0,0.0,0.0,0.0,0.0,0.0,0.0,0.0,40.93518059892986,0.0,0.0,-10.000000000000163,0.0,0.0
99,246000.0,128.0,nan,nan,nan,nan,nan,nan,nan,nan,nan,n/a,nan,nan,n/a,n/a,nan,nan,nan,nan,nan,nan,nan,nan,nan,nan,nan,nan,n/a,nan,nan,nan,nan,nan,nan,n/a,nan,nan,nan,nan,nan,nan,nan,nan,nan,nan,nan,nan,nan,nan,nan,nan,nan,n/a,n/a,n/a,n/a,n/a,n/a,34.1680080909729,0.32402185890078544,-3256.9334814453123,2.251181252177048e-06,-4.0,n/a,n/a,n/a,n/a,n/a,n/a,n/a,n/a,n/a,n/a,n/a,n/a,n/a,100000,41.28303909301758,n/a,n/a,71.55395650863647,nan,nan,nan,nan,nan,nan,nan,nan,nan,nan,nan,nan,nan,nan,nan,nan,nan,nan,nan,nan,nan
100,247000.0,128.0,nan,nan,nan,nan,nan,nan,nan,nan,nan,n/a,nan,nan,n/a,n/a,nan,nan,nan,nan,nan,nan,nan,nan,nan,nan,nan,nan,n/a,nan,nan,nan,nan,nan,nan,n/a,nan,nan,nan,nan,nan,nan,nan,nan,nan,nan,nan,nan,nan,nan,nan,nan,nan,n/a,n/a,n/a,n/a,n/a,n/a,34.33398405456543,0.3263692951798439,-3250.206672363281,2.2180548871801876e-06,-4.0,n/a,n/a,n/a,n/a,n/a,n/a,n/a,n/a,n/a,n/a,n/a,n/a,n/a,101000,41.44290542602539,n/a,n/a,78.25108122825623,nan,nan,nan,nan,nan,nan,nan,nan,nan,nan,nan,nan,nan,nan,nan,nan,nan,nan,nan,nan,nan
101,248000.0,129.0,-372.31809843401993,2000.0,0.0,0.0,1.0,0.0,0.0,1123.980748009373,62.69354525106905,n/a,0.0,0.0,n/a,n/a,0.0,0.0,0.0,0.0,0.0,0.0,0.0,7.260762630019353,11.698336102472938,-307.32608902675156,-0.25053835418348164,0.0,n/a,0.0,0.0,9.445613773633468,0.0,0.0,5.0,n/a,50.914974095971445,164.2804966993789,991.0178211203694,154.4334585375803,83.80254146241967,0.0,0.0,0.0,-0.12758132815361023,0.841126561164856,-0.3450906276702881,0.10186122357845306,0.8261680603027344,0.5326781868934631,0.9173660278320312,0.9758872985839844,0.807,n/a,n/a,n/a,n/a,n/a,n/a,33.80206564331055,0.3333616676926613,-3239.914566894531,2.1853997691323457e-06,-4.0,n/a,n/a,n/a,n/a,n/a,n/a,n/a,n/a,n/a,n/a,n/a,n/a,n/a,102000,41.603084564208984,n/a,n/a,71.7383143901825,-1.1269840538180946,-4.750215189000215,1.6023636507169647,0.0,0.0,0.0,0.0,0.0,0.0,-81.0,0.0,0.0,0.0,0.0,0.0,2.1286520328897196,0.0,0.0,-10.000000000000163,0.0,0.0
102,249000.0,130.0,1780.320394580378,2000.0,0.0,0.0,1.0,0.0,7.0,1108.5092637195166,188.31048753620598,n/a,3.512754746705948,0.0,n/a,n/a,0.0,0.0,0.0,0.0,0.0,0.0,0.0,126.35246770713773,148.68115382623193,1357.3699541411104,77.34993292810415,0.0,n/a,0.0,0.0,22.415419670402738,0.0,0.0,0.0,n/a,50.7556045667463,178.04226758890425,1002.9779376995847,8.228879686236542,21.179879686236532,0.0,0.0,0.0,-0.1453624814748764,0.5935661792755127,-0.11849214136600494,0.598876416683197,0.8392488956451416,0.7352722883224487,0.9725331664085388,0.7836309671401978,0.724,n/a,n/a,n/a,n/a,n/a,n/a,34.022955402374265,0.3296853057742119,-3250.889176269531,2.1531403067456267e-06,-4.0,n/a,n/a,n/a,n/a,n/a,n/a,n/a,n/a,n/a,n/a,n/a,n/a,n/a,103000,41.7629508972168,n/a,n/a,70.5508234500885,5.22967925096214,11.263245667800016,16.912016073120338,0.0,0.0,0.0,0.0,0.0,0.0,0.0,0.0,0.0,0.0,0.0,0.0,21.23377056875906,0.0,0.0,-10.000000000000163,0.0,0.0
103,250000.0,130.0,nan,nan,nan,nan,nan,nan,nan,nan,nan,n/a,nan,nan,n/a,n/a,nan,nan,nan,nan,nan,nan,nan,nan,nan,nan,nan,nan,n/a,nan,nan,nan,nan,nan,nan,n/a,nan,nan,nan,nan,nan,nan,nan,nan,nan,nan,nan,nan,nan,nan,nan,nan,nan,n/a,n/a,n/a,n/a,n/a,n/a,33.96930565643311,0.3273846561908722,-3248.56798828125,2.1212470728642076e-06,-4.0,n/a,n/a,n/a,n/a,n/a,n/a,n/a,n/a,n/a,n/a,n/a,n/a,n/a,104000,41.922664642333984,n/a,n/a,66.81910014152527,nan,nan,nan,nan,nan,nan,nan,nan,nan,nan,nan,nan,nan,nan,nan,nan,nan,nan,nan,nan,nan
104,251000.0,130.0,nan,nan,nan,nan,nan,nan,nan,nan,nan,n/a,nan,nan,n/a,n/a,nan,nan,nan,nan,nan,nan,nan,nan,nan,nan,nan,nan,n/a,nan,nan,nan,nan,nan,nan,n/a,nan,nan,nan,nan,nan,nan,nan,nan,nan,nan,nan,nan,nan,nan,nan,nan,nan,n/a,n/a,n/a,n/a,n/a,n/a,33.500523281097415,0.3278374951481819,-3243.9520415039065,2.0899456353618005e-06,-4.0,n/a,n/a,n/a,n/a,n/a,n/a,n/a,n/a,n/a,n/a,n/a,n/a,n/a,105000,42.08303451538086,n/a,n/a,87.589590549469,nan,nan,nan,nan,nan,nan,nan,nan,nan,nan,nan,nan,nan,nan,nan,nan,nan,nan,nan,nan,nan
105,252000.0,131.0,207.06308087084878,2000.0,0.0,0.0,1.0,0.0,0.0,929.1320764623317,55.226925993905176,n/a,0.0,-0.8300304362666666,n/a,n/a,0.0,0.0,0.0,0.0,0.0,0.0,0.0,20.302680091843076,36.160568949663954,258.7283277731426,42.885972302111675,0.0,n/a,0.0,0.0,-11.41665361070696,0.0,77.0,5.0,n/a,40.54849798372025,177.93015013634138,1021.7623230889473,14.194528541144326,165.1435285411443,0.0,0.0,0.0,-0.26268938183784485,0.9070244431495667,-0.008515897206962109,0.0406096875667572,0.8614501953125,0.4014520049095154,0.9858137369155884,0.9770991206169128,0.836875,n/a,n/a,n/a,n/a,n/a,n/a,33.66155619430542,0.3254266549646854,-3246.106345703125,2.059146363535547e-06,-4.0,n/a,n/a,n/a,n/a,n/a,n/a,n/a,n/a,n/a,n/a,n/a,n/a,n/a,106000,42.2427864074707,n/a,n/a,100.35846972465515,3.8978340569819427,9.573566630699998,1.7089286110158903,0.0,0.0,0.0,0.0,0.0,0.0,-147.0,0.0,0.0,0.0,0.0,0.0,3.051886502362206,0.0,0.0,-10.000000000000163,0.0,0.0
106,253000.0,132.0,1029.2713850884738,2000.0,0.0,0.0,1.0,0.0,0.0,1710.5434524212528,167.9046407484346,n/a,0.0,-1.6409990954666653,n/a,n/a,0.0,0.0,0.0,0.0,0.0,0.0,0.0,32.504474004818796,38.15710083839815,956.9909588143594,34.72928255394126,0.0,n/a,0.0,0.0,-15.439654299576162,0.0,236.0,4.0,n/a,30.494842002411417,173.87996217691978,725.1665507319284,27.36967092734544,57.99367092734545,0.0,0.0,0.0,-0.16777268052101135,0.6337053775787354,-0.06596002727746964,0.38955801725387573,0.8512222170829773,0.716423749923706,0.9862333536148071,0.907256007194519,0.76825,n/a,n/a,n/a,n/a,n/a,n/a,33.58055285263062,0.323190409809351,-3248.336218261719,2.0287524839659454e-06,-4.0,n/a,n/a,n/a,n/a,n/a,n/a,n/a,n/a,n/a,n/a,n/a,n/a,n/a,107000,42.40304183959961,n/a,n/a,116.81664562225342,-0.9431756798066264,-19.12432524810005,3.367541633954267,0.0,0.0,0.0,0.0,0.0,0.0,0.0,0.0,0.0,0.0,0.0,0.0,10.670181565936282,0.0,0.0,-10.000000000000163,0.0,0.0
107,254000.0,132.0,nan,nan,nan,nan,nan,nan,nan,nan,nan,n/a,nan,nan,n/a,n/a,nan,nan,nan,nan,nan,nan,nan,nan,nan,nan,nan,nan,n/a,nan,nan,nan,nan,nan,nan,n/a,nan,nan,nan,nan,nan,nan,nan,nan,nan,nan,nan,nan,nan,nan,nan,nan,nan,n/a,n/a,n/a,n/a,n/a,n/a,33.88054941177368,0.31888284140825274,-3243.5687475585937,1.9988221984021946e-06,-4.0,n/a,n/a,n/a,n/a,n/a,n/a,n/a,n/a,n/a,n/a,n/a,n/a,n/a,108000,42.56279373168945,n/a,n/a,110.05422878265381,nan,nan,nan,nan,nan,nan,nan,nan,nan,nan,nan,nan,nan,nan,nan,nan,nan,nan,nan,nan,nan
108,255000.0,132.0,nan,nan,nan,nan,nan,nan,nan,nan,nan,n/a,nan,nan,n/a,n/a,nan,nan,nan,nan,nan,nan,nan,nan,nan,nan,nan,nan,n/a,nan,nan,nan,nan,nan,nan,n/a,nan,nan,nan,nan,nan,nan,nan,nan,nan,nan,nan,nan,nan,nan,nan,nan,nan,n/a,n/a,n/a,n/a,n/a,n/a,33.78998397445679,0.3154462435245514,-3252.6295078125,1.9692085111273626e-06,-4.0,n/a,n/a,n/a,n/a,n/a,n/a,n/a,n/a,n/a,n/a,n/a,n/a,n/a,109000,42.722660064697266,n/a,n/a,115.38824343681335,nan,nan,nan,nan,nan,nan,nan,nan,nan,nan,nan,nan,nan,nan,nan,nan,nan,nan,nan,nan,nan
109,256000.0,133.0,560.3533955511806,2000.0,0.0,0.0,1.0,0.0,4.0,951.5708971421413,114.69362345092567,n/a,4.470495389204664,-2.074334987999998,n/a,n/a,0.0,0.0,0.0,0.0,0.0,0.0,0.0,14.373801688864667,12.293462820118043,573.9749190262156,34.15395241750731,0.0,n/a,0.0,0.0,-35.48129307799023,0.0,192.0,0.0,n/a,49.445526129681554,177.69161944574773,999.1675245512913,42.69997993662453,34.340020063375455,0.0,0.0,0.0,-0.4168533682823181,0.8902413845062256,-0.23112721741199493,0.21848376095294952,0.7968477606773376,0.44216758012771606,0.9532923698425293,0.9593303799629211,0.833875,n/a,n/a,n/a,n/a,n/a,n/a,34.19538645172119,0.3170696730911732,-3263.1430693359375,1.939873633091338e-06,-4.0,n/a,n/a,n/a,n/a,n/a,n/a,n/a,n/a,n/a,n/a,n/a,n/a,n/a,110000,42.882877349853516,n/a,n/a,117.78825187683105,-0.9075470727144755,-43.67471544029996,7.077923378216772,0.0,0.0,0.0,0.0,0.0,0.0,0.0,0.0,0.0,0.0,0.0,0.0,6.146731410059021,0.0,0.0,-10.000000000000163,0.0,0.0
110,257000.0,134.0,308.011113033302,2000.0,0.0,0.0,1.0,0.0,0.0,1196.0742978935725,198.11933339402134,n/a,0.0,-1.8144498324,n/a,n/a,0.0,0.0,0.0,0.0,0.0,0.0,0.0,5.194156118571163,2.1143484218721094,353.64605697716775,12.643372646125973,0.0,n/a,0.0,0.0,-37.00764966476567,0.0,105.0,5.0,n/a,33.14808030365036,179.51885462077007,943.9713935025819,77.24248822044152,36.47251177955849,0.0,0.0,0.0,-0.26994553208351135,0.9625023007392883,-0.6554981470108032,0.38411659002304077,0.82509446144104,0.26260045170783997,0.7355992794036865,0.9105415940284729,0.82475,n/a,n/a,n/a,n/a,n/a,n/a,34.74033679962158,0.31974243888258935,-3274.837302734375,1.9109331640265738e-06,-4.0,n/a,n/a,n/a,n/a,n/a,n/a,n/a,n/a,n/a,n/a,n/a,n/a,n/a,111000,43.04274368286133,n/a,n/a,110.9386351108551,-4.492748913265929,8.699173942800012,0.4716791262604529,0.0,0.0,0.0,0.0,0.0,0.0,-22.5,0.0,0.0,0.0,0.0,0.0,1.0571742109360547,0.0,0.0,-10.000000000000163,0.0,0.0
111,258000.0,134.0,nan,nan,nan,nan,nan,nan,nan,nan,nan,n/a,nan,nan,n/a,n/a,nan,nan,nan,nan,nan,nan,nan,nan,nan,nan,nan,nan,n/a,nan,nan,nan,nan,nan,nan,n/a,nan,nan,nan,nan,nan,nan,nan,nan,nan,nan,nan,nan,nan,nan,nan,nan,nan,n/a,n/a,n/a,n/a,n/a,n/a,34.60821949386597,0.31761804857850073,-3286.2167836914064,1.8823115256054735e-06,-4.0,n/a,n/a,n/a,n/a,n/a,n/a,n/a,n/a,n/a,n/a,n/a,n/a,n/a,112000,43.20241928100586,n/a,n/a,96.53440284729004,nan,nan,nan,nan,nan,nan,nan,nan,nan,nan,nan,nan,nan,nan,nan,nan,nan,nan,nan,nan,nan
112,259000.0,134.0,nan,nan,nan,nan,nan,nan,nan,nan,nan,n/a,nan,nan,n/a,n/a,nan,nan,nan,nan,nan,nan,nan,nan,nan,nan,nan,nan,n/a,nan,nan,nan,nan,nan,nan,n/a,nan,nan,nan,nan,nan,nan,nan,nan,nan,nan,nan,nan,nan,nan,nan,nan,nan,n/a,n/a,n/a,n/a,n/a,n/a,34.38844692993164,0.3132359890341759,-3290.95912109375,1.8541133633789287e-06,-4.0,n/a,n/a,n/a,n/a,n/a,n/a,n/a,n/a,n/a,n/a,n/a,n/a,n/a,113000,43.362789154052734,n/a,n/a,108.25169801712036,nan,nan,nan,nan,nan,nan,nan,nan,nan,nan,nan,nan,nan,nan,nan,nan,nan,nan,nan,nan,nan
113,260000.0,135.0,527.7808551225843,2000.0,0.0,0.0,1.0,0.0,4.0,1002.8552099252207,31.61838411320595,n/a,-27.13362765473778,-0.7573766938666661,n/a,n/a,0.0,0.0,0.0,0.0,0.0,0.0,0.0,23.239002718058764,36.39292467836669,604.5658836199527,-9.030495999520221,0.0,n/a,0.0,0.0,15.294443846468722,0.0,137.0,6.0,n/a,16.227884623400648,166.33892713457078,1362.6267410471928,19.703153277492955,24.752153277492905,0.0,0.0,0.0,-0.26140153408050537,0.8932327628135681,-0.2678726613521576,0.20072603225708008,0.8170835375785828,0.42979487776756287,0.9498468637466431,0.9618369340896606,0.810375,n/a,n/a,n/a,n/a,n/a,n/a,34.7414864692688,0.3122521337866783,-3301.364933105469,1.8263771498823189e-06,-4.0,n/a,n/a,n/a,n/a,n/a,n/a,n/a,n/a,n/a,n/a,n/a,n/a,n/a,114000,43.52254104614258,n/a,n/a,113.48920726776123,-4.727909937296297,-16.146722336100034,10.779625310076712,0.0,0.0,0.0,0.0,0.0,0.0,-106.5,0.0,0.0,0.0,0.0,0.0,11.80510757118141,0.0,0.0,-10.000000000000163,0.0,0.0
114,261000.0,136.0,242.35136012648633,2000.0,0.0,0.0,1.0,0.0,0.0,1219.463663854021,229.5753383176878,n/a,0.0,-3.4721600949333338,n/a,n/a,0.0,0.0,0.0,0.0,0.0,0.0,0.0,19.25550798009864,17.403962799081313,215.29638857154202,12.437763243319885,0.0,n/a,0.0,0.0,-2.263334002426546,0.0,209.0,5.0,n/a,47.09007775102345,173.03140736766,1023.159357766965,96.75126951271706,66.83226951271702,0.0,0.0,0.0,-0.3018628656864166,0.9048264026641846,-0.5253717303276062,0.29927128553390503,0.8032210469245911,0.37512603402137756,0.8268923163414001,0.9353200793266296,0.78475,n/a,n/a,n/a,n/a,n/a,n/a,35.40934047698975,0.3087636784911156,-3314.312140625,1.799035164367524e-06,-4.0,n/a,n/a,n/a,n/a,n/a,n/a,n/a,n/a,n/a,n/a,n/a,n/a,n/a,115000,43.68294906616211,n/a,n/a,119.0181086063385,-4.933298472439799,19.92213008670002,1.18881149000908,0.0,0.0,0.0,0.0,0.0,0.0,-24.0,0.0,0.0,0.0,0.0,0.0,1.5155885255340305,0.0,0.0,-10.000000000000163,0.0,0.0
